Expt,x,SiO2,Al2O3,Na2O,K2O,CaO,FeO,MgO,TiO2,MnO,P2O5
SpDis3,13.9,62.39,9.30,2.62,3.05,9.30,0.04,0.08,13.15,0.03,0.04
SpDis3,21.4,62.47,9.40,2.65,3.17,9.24,0.04,0.08,12.80,0.12,0.03
SpDis3,28.9,62.85,9.37,2.71,3.19,9.12,0.12,0.11,12.53,0.00,0.00
SpDis3,36.5,63.16,9.53,2.64,3.29,8.89,0.04,0.10,12.31,0.02,0.02
SpDis3,44.0,63.19,9.76,2.65,3.32,8.75,0.02,0.08,12.23,0.00,0.00
SpDis3,51.5,63.59,9.69,2.68,3.26,8.56,0.05,0.11,11.96,0.08,0.02
SpDis3,59.0,63.88,9.82,2.68,3.33,8.42,0.02,0.10,11.69,0.06,0.00
SpDis3,66.5,64.36,9.76,2.67,3.36,8.29,0.00,0.11,11.39,0.03,0.03
SpDis3,74.1,64.62,9.93,2.69,3.42,8.23,0.01,0.10,10.98,0.00,0.02
SpDis3,81.6,64.91,9.97,2.75,3.40,8.06,0.01,0.09,10.73,0.08,0.00
SpDis3,89.1,65.26,10.09,2.70,3.39,7.99,0.04,0.05,10.47,0.00,0.01
SpDis3,96.6,65.38,10.13,2.71,3.49,7.84,0.02,0.06,10.31,0.06,0.00
SpDis3,104.1,65.94,10.17,2.73,3.56,7.66,0.05,0.05,9.84,0.00,0.00
SpDis3,111.7,66.23,10.24,2.71,3.51,7.47,0.03,0.07,9.73,0.01,0.00
SpDis3,119.2,66.51,10.40,2.72,3.64,7.33,0.02,0.05,9.32,0.01,0.00
SpDis3,126.7,66.74,10.45,2.67,3.58,7.31,0.01,0.07,9.09,0.04,0.04
SpDis3,134.2,67.01,10.49,2.76,3.64,7.02,0.05,0.08,8.93,0.01,0.01
SpDis3,141.7,67.31,10.50,2.73,3.64,6.93,0.04,0.09,8.76,0.00,0.00
SpDis3,149.3,67.64,10.62,2.71,3.62,6.80,0.03,0.10,8.44,0.04,0.00
SpDis3,156.8,67.88,10.70,2.77,3.70,6.64,0.01,0.04,8.23,0.03,0.00
SpDis3,164.3,68.13,10.70,2.72,3.78,6.51,0.02,0.04,8.05,0.01,0.04
SpDis3,171.8,68.32,10.85,2.78,3.77,6.40,0.10,0.05,7.69,0.04,0.00
SpDis3,179.3,68.65,10.85,2.83,3.80,6.24,0.04,0.06,7.50,0.03,0.00
SpDis3,186.9,68.92,11.02,2.77,3.84,6.11,0.00,0.07,7.26,0.01,0.00
SpDis3,194.4,69.17,10.94,2.82,3.82,6.03,0.04,0.06,7.11,0.00,0.01
SpDis3,201.9,69.44,10.98,2.80,3.89,5.97,0.00,0.03,6.87,0.01,0.01
SpDis3,209.4,69.54,11.14,2.80,3.90,5.81,0.01,0.08,6.70,0.02,0.00
SpDis3,216.9,69.72,11.22,2.85,3.96,5.71,0.03,0.05,6.45,0.01,0.00
SpDis3,224.5,70.02,11.15,2.87,4.03,5.64,0.01,0.07,6.21,0.00,0.00
SpDis3,232.0,70.35,11.20,2.92,4.00,5.47,0.01,0.01,6.02,0.00,0.02
SpDis3,239.5,70.52,11.34,2.86,4.05,5.35,0.00,0.06,5.82,0.00,0.00
SpDis3,247.0,70.53,11.38,2.88,4.03,5.35,0.06,0.06,5.71,0.00,0.00
SpDis3,254.5,70.87,11.49,2.85,4.03,5.27,0.03,0.05,5.41,0.00,0.00
SpDis3,262.1,71.00,11.51,2.88,4.07,5.11,0.01,0.05,5.35,0.02,0.00
SpDis3,269.6,71.05,11.65,2.85,4.16,5.05,0.04,0.03,5.17,0.00,0.00
SpDis3,277.1,71.44,11.61,2.82,4.16,4.99,0.03,0.05,4.90,0.00,0.00
SpDis3,284.6,71.37,11.60,2.89,4.16,4.94,0.00,0.04,4.83,0.10,0.07
SpDis3,292.1,71.26,11.95,2.94,4.18,4.80,0.01,0.07,4.77,0.02,0.00
SpDis3,299.7,71.67,11.71,2.84,4.22,4.79,0.07,0.04,4.66,0.00,0.00
SpDis3,307.2,71.91,11.70,2.85,4.18,4.69,0.01,0.09,4.50,0.07,0.00
SpDis3,314.7,71.93,11.81,2.92,4.19,4.59,0.11,0.04,4.41,0.00,0.00
SpDis3,322.2,72.10,11.79,2.90,4.26,4.65,0.03,0.01,4.23,0.00,0.03
SpDis3,329.7,72.39,11.75,2.88,4.21,4.64,0.00,0.05,4.04,0.04,0.00
SpDis3,337.3,72.39,11.88,2.95,4.25,4.47,0.00,0.07,3.96,0.03,0.00
SpDis3,344.8,72.52,11.81,2.95,4.26,4.39,0.00,0.07,3.93,0.00,0.07
SpDis3,352.3,72.58,11.94,2.91,4.23,4.48,0.00,0.00,3.86,0.00,0.00
SpDis3,359.8,72.62,11.94,2.92,4.28,4.38,0.00,0.06,3.73,0.07,0.00
SpDis3,367.3,72.74,12.01,2.96,4.28,4.21,0.07,0.07,3.63,0.03,0.00
SpDis3,374.9,72.74,12.03,2.96,4.30,4.32,0.01,0.08,3.53,0.00,0.03
SpDis3,382.4,72.83,11.96,3.02,4.31,4.23,0.04,0.06,3.55,0.00,0.00
SpDis7,233.3,76.36,13.21,3.66,4.77,0.80,0.70,0.16,0.19,0.15,0.00
SpDis7,230.4,76.46,13.18,3.62,4.79,0.85,0.59,0.11,0.21,0.12,0.07
SpDis7,227.4,76.79,13.18,3.67,4.68,0.87,0.60,0.07,0.14,0.00,0.00
SpDis7,224.5,76.54,13.24,3.55,4.75,0.90,0.71,0.07,0.15,0.07,0.02
SpDis7,221.5,76.50,13.23,3.59,4.76,0.84,0.70,0.10,0.22,0.06,0.00
SpDis7,218.6,76.69,13.34,3.47,4.69,0.83,0.63,0.09,0.19,0.07,0.00
SpDis7,215.6,76.54,13.24,3.66,4.69,0.86,0.69,0.05,0.14,0.12,0.01
SpDis7,212.7,76.70,13.19,3.63,4.70,0.77,0.69,0.11,0.18,0.03,0.00
SpDis7,209.7,76.64,13.29,3.63,4.75,0.85,0.62,0.06,0.12,0.04,0.00
SpDis7,206.8,76.77,13.08,3.60,4.72,0.86,0.64,0.07,0.17,0.09,0.00
SpDis7,203.8,76.58,13.29,3.61,4.68,0.90,0.60,0.04,0.19,0.04,0.07
SpDis7,200.9,76.60,13.25,3.70,4.67,0.86,0.63,0.06,0.18,0.05,0.00
SpDis7,197.9,76.41,13.22,3.76,4.70,0.94,0.66,0.06,0.16,0.09,0.00
SpDis7,195.0,76.58,13.08,3.60,4.74,0.89,0.73,0.07,0.19,0.12,0.00
SpDis7,192.0,76.69,13.21,3.66,4.71,0.89,0.65,0.02,0.09,0.07,0.01
SpDis7,189.1,76.51,13.18,3.63,4.75,0.90,0.66,0.02,0.24,0.11,0.00
SpDis7,186.1,76.67,13.35,3.51,4.73,0.85,0.64,0.07,0.16,0.02,0.00
SpDis7,183.2,76.49,13.32,3.67,4.72,0.88,0.60,0.08,0.18,0.06,0.00
SpDis7,180.2,76.63,13.34,3.55,4.64,0.93,0.62,0.04,0.18,0.07,0.00
SpDis7,177.3,76.43,13.24,3.71,4.75,0.87,0.62,0.12,0.15,0.08,0.03
SpDis7,174.3,76.51,13.22,3.56,4.77,0.88,0.73,0.10,0.23,0.00,0.00
SpDis7,171.4,76.55,13.21,3.61,4.76,0.87,0.63,0.06,0.19,0.05,0.07
SpDis7,168.4,76.50,13.29,3.55,4.73,0.82,0.65,0.07,0.24,0.13,0.02
SpDis7,165.5,76.32,13.34,3.69,4.69,0.85,0.69,0.14,0.25,0.03,0.00
SpDis7,162.5,76.41,13.38,3.61,4.72,0.86,0.70,0.07,0.18,0.07,0.00
SpDis7,159.6,76.33,13.38,3.64,4.75,0.93,0.65,0.07,0.19,0.06,0.00
SpDis7,156.6,76.58,13.34,3.55,4.68,0.84,0.67,0.08,0.19,0.07,0.00
SpDis7,153.7,76.71,13.16,3.57,4.75,0.89,0.60,0.05,0.22,0.05,0.00
SpDis7,150.7,76.48,13.25,3.57,4.77,0.90,0.64,0.07,0.22,0.09,0.01
SpDis7,147.8,76.61,13.13,3.62,4.80,0.88,0.63,0.07,0.16,0.10,0.00
SpDis7,144.8,76.55,13.20,3.63,4.69,0.82,0.69,0.08,0.23,0.11,0.00
SpDis7,141.9,76.45,13.26,3.64,4.67,0.89,0.65,0.05,0.30,0.09,0.00
SpDis7,138.9,76.48,13.22,3.61,4.74,0.94,0.61,0.13,0.20,0.07,0.00
SpDis7,136.0,76.44,13.29,3.65,4.75,0.89,0.64,0.07,0.22,0.04,0.01
SpDis7,133.0,76.43,13.29,3.64,4.72,0.92,0.55,0.13,0.26,0.06,0.00
SpDis7,130.1,76.54,13.21,3.65,4.71,0.88,0.59,0.05,0.27,0.10,0.00
SpDis7,127.1,76.45,13.27,3.57,4.78,0.88,0.67,0.06,0.30,0.02,0.00
SpDis7,124.2,76.61,13.23,3.45,4.67,0.95,0.66,0.05,0.31,0.05,0.02
SpDis7,121.2,76.35,13.16,3.67,4.79,0.95,0.60,0.06,0.34,0.08,0.00
SpDis7,118.3,76.28,13.28,3.59,4.80,0.86,0.67,0.10,0.34,0.04,0.04
SpDis7,115.3,76.37,13.10,3.60,4.68,0.95,0.70,0.12,0.38,0.08,0.02
SpDis7,112.4,76.54,13.19,3.52,4.68,0.99,0.68,0.04,0.30,0.06,0.00
SpDis7,109.4,76.28,13.13,3.63,4.73,0.96,0.73,0.06,0.36,0.12,0.00
SpDis7,106.5,76.42,13.23,3.50,4.66,0.97,0.65,0.10,0.39,0.08,0.00
SpDis7,103.5,76.39,13.14,3.53,4.73,0.96,0.69,0.08,0.37,0.11,0.00
SpDis7,100.6,76.42,13.23,3.55,4.66,0.92,0.68,0.07,0.42,0.05,0.00
SpDis7,97.6,76.40,13.17,3.60,4.59,0.93,0.70,0.06,0.43,0.12,0.00
SpDis7,94.7,76.58,13.15,3.48,4.67,0.88,0.61,0.06,0.51,0.06,0.00
SpDis7,91.7,76.29,13.29,3.58,4.67,0.88,0.70,0.11,0.44,0.04,0.00
SpDis7,88.8,76.32,13.26,3.47,4.62,0.98,0.65,0.10,0.48,0.12,0.00
SpDis7,85.8,76.23,13.16,3.60,4.72,0.94,0.67,0.10,0.53,0.05,0.00
SpDis7,82.9,76.49,13.08,3.52,4.74,0.92,0.63,0.06,0.49,0.06,0.01
SpDis7,79.9,76.29,13.19,3.64,4.64,0.94,0.63,0.04,0.53,0.10,0.00
SpDis7,77.0,76.34,13.05,3.57,4.72,0.95,0.69,0.06,0.54,0.08,0.00
SpDis7,74.0,76.38,13.03,3.47,4.64,0.99,0.67,0.13,0.61,0.08,0.00
SpDis7,71.1,76.19,13.08,3.56,4.68,1.00,0.69,0.10,0.62,0.08,0.00
SpDis7,68.1,76.23,13.15,3.46,4.72,0.99,0.70,0.07,0.63,0.05,0.00
SpDis7,65.2,76.17,13.12,3.56,4.66,1.00,0.66,0.04,0.66,0.13,0.00
SpDis7,62.2,76.24,13.13,3.55,4.58,1.02,0.71,0.08,0.64,0.05,0.00
SpDis7,59.3,76.21,12.91,3.60,4.64,0.99,0.74,0.08,0.75,0.08,0.00
SpDis7,56.3,76.08,13.06,3.50,4.59,1.00,0.78,0.07,0.81,0.04,0.07
SpDis7,53.4,75.94,12.95,3.67,4.68,0.98,0.78,0.06,0.80,0.14,0.00
SpDis7,50.4,76.23,12.92,3.56,4.54,1.02,0.67,0.12,0.80,0.05,0.09
SpDis7,47.5,76.26,12.90,3.46,4.60,1.03,0.73,0.13,0.81,0.07,0.01
SpDis7,44.5,76.34,13.00,3.42,4.57,0.93,0.69,0.06,0.84,0.15,0.00
SpDis7,41.6,76.17,12.84,3.49,4.60,0.97,0.71,0.11,1.01,0.09,0.01
SpDis7,38.6,76.28,12.76,3.47,4.51,1.03,0.78,0.07,0.99,0.11,0.00
SpDis7,35.7,75.95,13.01,3.51,4.67,1.04,0.69,0.06,1.01,0.05,0.01
SpDis7,32.7,76.10,12.88,3.42,4.60,0.99,0.72,0.12,1.04,0.11,0.02
SpDis7,29.8,76.16,12.84,3.44,4.57,1.06,0.67,0.06,1.13,0.07,0.00
SpDis7,26.8,76.06,12.83,3.43,4.55,1.03,0.78,0.11,1.12,0.07,0.02
SpDis7,23.9,76.15,12.74,3.44,4.64,1.05,0.72,0.07,1.06,0.13,0.00
SpDis7,20.9,76.23,12.85,3.36,4.59,0.95,0.77,0.05,1.14,0.06,0.00
SpDis7,18.0,76.06,12.87,3.48,4.57,1.00,0.72,0.05,1.19,0.06,0.00
SpDis7,15.0,76.27,12.76,3.43,4.50,1.07,0.69,0.04,1.15,0.09,0.00
SpDis10,9.0,75.71,12.90,2.33,4.14,2.14,0.00,0.05,2.67,0.06,0.00
SpDis10,26.3,75.83,12.92,2.37,4.24,2.16,0.00,0.07,2.41,0.00,0.00
SpDis10,43.6,75.85,12.85,2.40,4.23,2.10,0.05,0.08,2.44,0.00,0.00
SpDis10,60.9,76.17,12.80,2.33,4.24,2.05,0.03,0.11,2.22,0.02,0.03
SpDis10,78.2,76.12,12.91,2.37,4.22,2.05,0.00,0.07,2.26,0.00,0.00
SpDis10,95.5,76.01,12.95,2.36,4.24,2.03,0.08,0.08,2.22,0.03,0.00
SpDis10,112.8,76.10,12.98,2.38,4.32,1.97,0.04,0.07,2.09,0.05,0.00
SpDis10,130.1,76.27,12.86,2.34,4.29,1.99,0.10,0.11,2.04,0.00,0.00
SpDis10,147.4,76.23,12.95,2.41,4.20,2.00,0.08,0.07,2.01,0.05,0.00
SpDis10,164.7,76.41,12.95,2.37,4.29,2.00,0.04,0.06,1.88,0.00,0.00
SpDis10,182.0,76.48,13.02,2.39,4.21,1.93,0.00,0.07,1.90,0.00,0.00
SpDis10,199.3,76.51,12.96,2.27,4.32,2.03,0.00,0.08,1.83,0.00,0.00
SpDis10,216.6,76.56,13.03,2.31,4.29,1.93,0.00,0.10,1.73,0.03,0.02
SpDis10,233.9,76.48,13.00,2.34,4.29,1.96,0.02,0.05,1.78,0.05,0.03
SpDis10,251.2,76.48,13.13,2.41,4.26,1.98,0.00,0.05,1.65,0.04,0.00
SpDis10,268.5,76.66,13.00,2.43,4.30,1.89,0.00,0.06,1.64,0.00,0.02
SpDis10,285.8,76.54,13.03,2.39,4.29,1.94,0.06,0.10,1.64,0.01,0.00
SpDis10,303.1,76.78,13.00,2.48,4.32,1.91,0.03,0.02,1.46,0.00,0.00
SpDis10,320.4,76.79,13.05,2.41,4.31,1.85,0.00,0.07,1.42,0.08,0.02
SpDis10,337.7,76.84,13.09,2.35,4.33,1.86,0.00,0.07,1.41,0.05,0.00
SpDis10,355.0,76.92,12.97,2.40,4.35,1.87,0.02,0.08,1.37,0.02,0.00
SpDis10,372.3,76.79,13.14,2.42,4.37,1.82,0.00,0.09,1.36,0.01,0.00
SpDis10,389.6,76.86,13.10,2.48,4.35,1.87,0.00,0.05,1.29,0.00,0.00
SpDis10,406.9,76.86,13.09,2.49,4.30,1.83,0.06,0.11,1.22,0.04,0.00
SpDis10,424.2,77.01,13.09,2.40,4.34,1.85,0.01,0.05,1.25,0.00,0.00
SpDis10,441.5,76.85,13.15,2.48,4.32,1.83,0.02,0.10,1.20,0.04,0.01
SpDis10,458.8,77.05,13.09,2.43,4.29,1.86,0.05,0.07,1.15,0.01,0.00
SpDis10,476.1,76.98,13.12,2.36,4.29,1.85,0.02,0.11,1.24,0.03,0.00
SpDis10,493.4,76.93,13.15,2.47,4.37,1.80,0.02,0.06,1.11,0.06,0.03
SpDis10,510.7,77.01,13.19,2.46,4.31,1.83,0.00,0.07,1.07,0.03,0.03
SpDis10,528.0,76.98,13.08,2.47,4.40,1.89,0.00,0.09,1.06,0.03,0.00
SpDis10,545.3,76.87,13.23,2.53,4.35,1.82,0.02,0.07,1.11,0.00,0.00
SpDis10,562.6,76.97,13.17,2.53,4.36,1.77,0.03,0.09,1.06,0.00,0.02
SpDis10,579.9,77.23,13.04,2.48,4.32,1.79,0.04,0.12,0.98,0.00,0.00
SpDis10,597.2,77.11,13.14,2.41,4.36,1.82,0.00,0.11,1.01,0.04,0.00
SpDis10,614.5,77.01,13.18,2.57,4.38,1.85,0.00,0.02,0.98,0.01,0.00
SpDis10,631.8,77.18,13.11,2.46,4.35,1.83,0.00,0.11,0.93,0.03,0.00
SpDis10,649.1,77.01,13.10,2.55,4.47,1.82,0.01,0.09,0.92,0.03,0.00
SpDis10,666.4,77.09,13.19,2.53,4.39,1.79,0.05,0.06,0.90,0.00,0.00
SpDis10,683.7,77.06,13.17,2.51,4.39,1.80,0.00,0.07,0.98,0.00,0.02
SpDis10,701.0,77.06,13.18,2.49,4.37,1.81,0.00,0.09,0.98,0.02,0.00
SpDis10,718.3,77.03,13.18,2.50,4.36,1.86,0.01,0.08,0.94,0.01,0.03
SpDis10,735.6,77.13,13.19,2.43,4.43,1.76,0.01,0.11,0.93,0.01,0.00
SpDis10,752.9,77.13,13.16,2.44,4.49,1.77,0.00,0.08,0.91,0.02,0.00
SpDis10,770.2,77.24,13.11,2.49,4.38,1.73,0.01,0.06,0.95,0.02,0.01
SpDis10,787.5,77.17,13.15,2.50,4.39,1.80,0.00,0.07,0.90,0.00,0.02
SpDis10,804.8,77.08,13.05,2.53,4.39,1.82,0.05,0.10,0.95,0.03,0.00
SpDis10,822.1,77.22,13.16,2.56,4.36,1.77,0.00,0.08,0.85,0.00,0.00
SpDis10,839.4,77.25,12.99,2.54,4.40,1.78,0.00,0.09,0.93,0.02,0.00
SpDis10,856.7,77.14,13.10,2.53,4.39,1.80,0.02,0.04,0.97,0.01,0.00
SpDis11,46.0,75.51,12.63,2.27,4.36,2.45,0.00,0.05,2.73,0.00,0.00
SpDis11,58.8,75.26,12.62,2.31,4.42,2.51,0.00,0.09,2.74,0.05,0.00
SpDis11,71.6,75.35,12.64,2.31,4.49,2.48,0.00,0.04,2.60,0.08,0.01
SpDis11,84.4,75.36,12.67,2.38,4.47,2.44,0.00,0.05,2.63,0.00,0.00
SpDis11,97.2,75.46,12.66,2.27,4.49,2.45,0.04,0.07,2.56,0.00,0.00
SpDis11,110.0,75.50,12.65,2.33,4.38,2.40,0.01,0.06,2.58,0.06,0.03
SpDis11,122.8,75.61,12.58,2.29,4.39,2.40,0.00,0.08,2.65,0.00,0.00
SpDis11,135.6,75.54,12.69,2.29,4.33,2.46,0.00,0.08,2.56,0.05,0.00
SpDis11,148.4,75.51,12.57,2.36,4.46,2.38,0.00,0.10,2.57,0.05,0.00
SpDis11,161.2,75.51,12.58,2.27,4.47,2.40,0.06,0.08,2.60,0.00,0.03
SpDis11,174.0,75.44,12.85,2.34,4.40,2.42,0.00,0.07,2.48,0.00,0.00
SpDis11,186.8,75.62,12.65,2.31,4.43,2.40,0.00,0.05,2.54,0.00,0.00
SpDis11,199.6,75.71,12.62,2.18,4.42,2.43,0.00,0.11,2.49,0.01,0.03
SpDis11,212.4,75.65,12.70,2.15,4.41,2.42,0.02,0.07,2.54,0.04,0.00
SpDis11,225.2,75.66,12.66,2.27,4.42,2.40,0.00,0.10,2.47,0.02,0.00
SpDis11,238.0,75.67,12.69,2.17,4.47,2.40,0.00,0.06,2.53,0.00,0.01
SpDis11,250.8,75.69,12.60,2.24,4.41,2.48,0.01,0.08,2.46,0.03,0.00
SpDis11,263.6,75.77,12.72,2.26,4.34,2.43,0.01,0.05,2.42,0.00,0.00
SpDis11,276.4,75.60,12.58,2.28,4.53,2.38,0.00,0.07,2.52,0.04,0.00
SpDis11,289.2,75.64,12.80,2.45,4.33,2.36,0.00,0.06,2.34,0.02,0.00
SpDis11,302.0,75.58,12.64,2.29,4.48,2.42,0.00,0.09,2.48,0.02,0.00
SpDis11,314.8,75.87,12.53,2.23,4.46,2.41,0.05,0.11,2.30,0.04,0.00
SpDis11,327.6,75.62,12.70,2.22,4.41,2.45,0.06,0.03,2.47,0.04,0.00
SpDis11,340.4,75.67,12.65,2.27,4.51,2.32,0.03,0.07,2.42,0.02,0.04
SpDis11,353.2,75.72,12.50,2.29,4.47,2.47,0.01,0.08,2.36,0.06,0.04
SpDis11,366.0,75.77,12.67,2.31,4.40,2.36,0.01,0.06,2.37,0.05,0.00
SpDis11,378.8,75.64,12.78,2.32,4.44,2.37,0.00,0.04,2.39,0.00,0.02
SpDis11,391.6,75.80,12.65,2.22,4.44,2.39,0.00,0.08,2.35,0.07,0.00
SpDis11,404.4,75.72,12.75,2.22,4.44,2.42,0.00,0.10,2.34,0.00,0.01
SpDis11,417.2,75.73,12.66,2.25,4.44,2.37,0.00,0.12,2.41,0.02,0.00
SpDis11,430.0,75.78,12.69,2.25,4.42,2.37,0.00,0.08,2.40,0.01,0.00
SpDis11,442.8,75.72,12.74,2.24,4.45,2.31,0.03,0.06,2.41,0.04,0.00
SpDis11,455.6,75.75,12.78,2.20,4.47,2.35,0.01,0.03,2.37,0.00,0.04
SpDis11,468.4,75.76,12.71,2.29,4.42,2.36,0.02,0.02,2.40,0.02,0.00
SpDis11,481.2,75.89,12.59,2.28,4.36,2.34,0.00,0.06,2.38,0.06,0.04
SpDis11,494.0,75.92,12.53,2.13,4.40,2.42,0.00,0.06,2.44,0.03,0.07
SpDis11,506.8,76.00,12.61,2.28,4.37,2.33,0.04,0.06,2.31,0.00,0.00
SpDis11,519.6,75.81,12.62,2.31,4.39,2.41,0.06,0.08,2.28,0.02,0.02
SpDis11,532.4,75.91,12.66,2.25,4.37,2.38,0.03,0.07,2.30,0.03,0.00
SpDis11,545.2,76.05,12.60,2.19,4.49,2.34,0.03,0.04,2.21,0.04,0.01
SpDis11,558.0,75.85,12.78,2.23,4.48,2.36,0.02,0.06,2.20,0.02,0.00
SpDis11,570.8,75.93,12.63,2.24,4.45,2.35,0.00,0.08,2.24,0.08,0.00
SpDis11,583.6,75.98,12.69,2.27,4.31,2.33,0.00,0.08,2.30,0.04,0.00
SpDis11,596.4,76.00,12.62,2.22,4.51,2.36,0.00,0.06,2.23,0.00,0.00
SpDis11,609.2,75.96,12.69,2.21,4.51,2.31,0.02,0.05,2.21,0.04,0.00
SpDis11,622.0,75.91,12.68,2.23,4.43,2.40,0.00,0.08,2.21,0.06,0.00
SpDis11,634.8,75.84,12.74,2.21,4.40,2.41,0.07,0.08,2.23,0.00,0.02
SpDis11,647.6,75.94,12.66,2.26,4.43,2.35,0.02,0.06,2.27,0.00,0.01
SpDis11,660.4,76.09,12.68,2.22,4.44,2.35,0.00,0.06,2.15,0.01,0.00
SpDis11,673.2,75.99,12.60,2.25,4.39,2.36,0.00,0.09,2.24,0.08,0.00
SpDis12,676.4,74.11,12.19,3.69,4.42,1.84,1.00,0.11,2.53,0.09,0.02
SpDis12,679.5,74.31,12.11,3.73,4.44,1.76,0.95,0.11,2.50,0.09,0.00
SpDis12,682.7,74.26,12.26,3.72,4.48,1.81,0.89,0.04,2.40,0.11,0.03
SpDis12,685.8,74.37,12.24,3.77,4.46,1.78,0.88,0.12,2.28,0.08,0.02
SpDis12,689.0,74.35,12.24,3.79,4.45,1.77,0.91,0.11,2.27,0.11,0.00
SpDis12,692.1,74.43,12.31,3.80,4.47,1.74,0.97,0.05,2.15,0.08,0.00
SpDis12,695.3,74.53,12.32,3.84,4.48,1.73,0.86,0.06,2.07,0.11,0.00
SpDis12,698.4,74.47,12.32,3.80,4.53,1.75,0.85,0.10,2.00,0.15,0.03
SpDis12,701.5,74.55,12.50,3.82,4.52,1.68,0.91,0.08,1.84,0.08,0.02
SpDis12,704.7,74.66,12.40,3.82,4.49,1.71,0.95,0.08,1.81,0.08,0.00
SpDis12,707.8,74.77,12.56,3.79,4.51,1.69,0.83,0.09,1.68,0.08,0.00
SpDis12,711.0,74.79,12.51,3.83,4.59,1.63,0.81,0.09,1.67,0.08,0.00
SpDis12,714.1,74.82,12.54,3.78,4.59,1.62,0.84,0.08,1.60,0.11,0.02
SpDis12,717.3,74.98,12.58,3.81,4.54,1.64,0.82,0.07,1.47,0.09,0.00
SpDis12,720.4,75.05,12.63,3.79,4.52,1.59,0.80,0.08,1.43,0.11,0.00
SpDis12,723.6,75.12,12.66,3.83,4.53,1.58,0.85,0.04,1.29,0.10,0.00
SpDis12,726.7,75.20,12.66,3.83,4.56,1.57,0.76,0.07,1.24,0.10,0.01
SpDis12,729.9,75.08,12.66,3.88,4.58,1.57,0.82,0.12,1.16,0.13,0.00
SpDis12,733.0,75.18,12.68,3.95,4.50,1.57,0.79,0.07,1.11,0.15,0.00
SpDis12,736.2,75.30,12.80,3.83,4.55,1.56,0.84,0.03,1.00,0.09,0.00
SpDis12,739.3,75.35,12.73,3.78,4.62,1.52,0.87,0.11,0.99,0.03,0.00
SpDis12,742.5,75.26,12.92,3.84,4.63,1.52,0.78,0.08,0.83,0.14,0.00
SpDis12,745.6,75.41,12.92,3.83,4.64,1.49,0.80,0.06,0.76,0.09,0.00
SpDis12,748.8,75.43,12.88,3.88,4.54,1.51,0.77,0.11,0.73,0.05,0.10
SpDis12,751.9,75.45,13.01,3.78,4.61,1.50,0.82,0.05,0.69,0.09,0.00
SpDis12,755.1,75.49,13.03,3.78,4.65,1.42,0.79,0.00,0.68,0.15,0.01
SpDis12,758.2,75.71,12.90,3.83,4.58,1.48,0.76,0.07,0.58,0.09,0.00
SpDis12,761.4,75.60,12.97,3.94,4.65,1.40,0.73,0.06,0.53,0.11,0.01
SpDis12,764.5,75.60,12.96,3.95,4.62,1.43,0.73,0.10,0.50,0.11,0.00
SpDis12,767.7,75.58,13.04,3.93,4.60,1.41,0.80,0.08,0.44,0.12,0.00
SpDis12,770.8,75.79,12.98,3.88,4.63,1.42,0.69,0.06,0.44,0.11,0.00
SpDis12,774.0,75.81,12.88,3.92,4.64,1.42,0.78,0.03,0.44,0.08,0.00
SpDis12,777.1,75.82,13.04,3.94,4.66,1.35,0.74,0.04,0.36,0.05,0.00
SpDis12,780.3,75.86,13.03,3.94,4.66,1.37,0.66,0.10,0.27,0.11,0.00
SpDis12,783.4,75.83,13.03,3.96,4.61,1.35,0.75,0.07,0.28,0.10,0.02
SpDis12,786.6,75.86,12.98,3.92,4.67,1.37,0.73,0.13,0.26,0.07,0.01
SpDis12,789.7,75.98,13.01,3.93,4.67,1.31,0.71,0.06,0.24,0.09,0.00
SpDis12,792.9,75.92,13.04,3.86,4.61,1.33,0.74,0.08,0.28,0.14,0.00
SpDis12,796.0,75.79,13.16,3.96,4.65,1.35,0.70,0.08,0.23,0.08,0.00
SpDis12,799.2,75.96,13.07,3.90,4.66,1.35,0.66,0.06,0.24,0.10,0.00
SpDis12,802.3,76.00,13.04,3.91,4.64,1.31,0.71,0.09,0.20,0.10,0.00
SpDis12,805.5,76.01,13.03,3.89,4.64,1.34,0.72,0.07,0.21,0.07,0.02
SpDis12,808.6,76.12,13.04,3.97,4.61,1.29,0.66,0.07,0.16,0.08,0.00
SpDis13,28.0,74.62,12.32,3.63,4.66,1.80,0.06,0.12,2.79,0.00,0.00
SpDis13,34.2,74.64,12.53,3.66,4.64,1.82,0.02,0.06,2.63,0.00,0.00
SpDis13,40.5,74.56,12.62,3.70,4.66,1.73,0.02,0.06,2.59,0.04,0.02
SpDis13,46.7,74.96,12.39,3.57,4.65,1.78,0.07,0.06,2.50,0.02,0.00
SpDis13,52.9,75.01,12.51,3.57,4.71,1.75,0.03,0.07,2.35,0.00,0.00
SpDis13,59.2,74.94,12.59,3.62,4.67,1.75,0.02,0.07,2.32,0.01,0.01
SpDis13,65.4,75.06,12.61,3.63,4.65,1.68,0.02,0.08,2.27,0.00,0.00
SpDis13,71.6,75.25,12.58,3.55,4.57,1.69,0.04,0.08,2.21,0.03,0.00
SpDis13,77.8,75.29,12.61,3.48,4.66,1.67,0.02,0.11,2.16,0.00,0.00
SpDis13,84.1,75.50,12.56,3.59,4.65,1.66,0.00,0.07,1.96,0.01,0.00
SpDis13,90.3,75.34,12.59,3.68,4.72,1.62,0.03,0.09,1.93,0.00,0.00
SpDis13,96.5,75.37,12.65,3.61,4.68,1.58,0.07,0.09,1.93,0.00,0.02
SpDis13,102.8,75.48,12.67,3.64,4.71,1.63,0.00,0.06,1.81,0.00,0.00
SpDis13,109.0,75.37,12.73,3.61,4.79,1.63,0.05,0.07,1.71,0.04,0.00
SpDis13,115.2,75.55,12.75,3.65,4.78,1.55,0.03,0.08,1.60,0.01,0.00
SpDis13,121.5,75.64,12.68,3.63,4.77,1.60,0.02,0.09,1.54,0.03,0.00
SpDis13,127.7,75.71,12.66,3.63,4.71,1.62,0.02,0.09,1.54,0.01,0.01
SpDis13,133.9,75.73,12.77,3.54,4.74,1.58,0.06,0.12,1.40,0.03,0.03
SpDis13,140.1,75.71,12.82,3.66,4.75,1.54,0.05,0.11,1.36,0.00,0.00
SpDis13,146.4,75.75,12.78,3.66,4.81,1.56,0.02,0.09,1.27,0.00,0.06
SpDis13,152.6,75.70,12.88,3.70,4.73,1.54,0.05,0.11,1.26,0.03,0.00
SpDis13,158.8,75.92,12.86,3.68,4.77,1.53,0.05,0.08,1.11,0.00,0.00
SpDis13,165.1,75.91,12.88,3.73,4.78,1.53,0.04,0.07,1.05,0.00,0.01
SpDis13,171.3,75.99,12.91,3.71,4.83,1.52,0.01,0.07,0.96,0.00,0.00
SpDis13,177.5,76.10,12.92,3.55,4.79,1.46,0.07,0.11,1.00,0.00,0.00
SpDis13,183.8,76.28,13.03,3.43,4.77,1.49,0.05,0.08,0.85,0.02,0.00
SpDis13,190.0,76.14,12.96,3.55,4.79,1.54,0.03,0.11,0.86,0.02,0.00
SpDis13,196.2,76.05,13.08,3.70,4.81,1.43,0.05,0.07,0.81,0.00,0.00
SpDis13,202.4,76.24,12.96,3.72,4.78,1.49,0.05,0.07,0.67,0.00,0.02
SpDis13,208.7,76.18,13.04,3.71,4.83,1.48,0.04,0.08,0.62,0.00,0.02
SpDis13,214.9,76.22,12.99,3.81,4.77,1.47,0.02,0.09,0.63,0.00,0.00
SpDis13,221.1,76.25,13.13,3.62,4.80,1.44,0.04,0.07,0.61,0.02,0.02
SpDis13,227.4,76.43,13.06,3.64,4.80,1.48,0.00,0.04,0.55,0.00,0.00
SpDis13,233.6,76.34,13.23,3.59,4.81,1.45,0.00,0.07,0.51,0.00,0.00
SpDis13,239.8,76.42,13.15,3.53,4.82,1.42,0.09,0.06,0.51,0.00,0.00
SpDis13,246.1,76.32,13.11,3.61,4.87,1.44,0.05,0.10,0.45,0.00,0.05
SpDis13,252.3,76.33,13.23,3.62,4.85,1.45,0.03,0.06,0.43,0.00,0.00
SpDis13,258.5,76.41,13.16,3.68,4.80,1.37,0.00,0.11,0.46,0.00,0.01
SpDis13,264.7,76.50,13.19,3.72,4.82,1.39,0.01,0.05,0.32,0.00,0.00
SpDis13,271.0,76.42,13.08,3.80,4.86,1.37,0.04,0.06,0.32,0.05,0.00
SpDis13,277.2,76.42,13.20,3.77,4.73,1.38,0.11,0.05,0.32,0.02,0.00
SpDis13,283.4,76.53,13.14,3.74,4.78,1.41,0.00,0.07,0.31,0.02,0.00
SpDis13,289.7,76.39,13.15,3.78,4.76,1.44,0.11,0.09,0.28,0.00,0.00
SpDis13,295.9,76.43,13.25,3.80,4.81,1.40,0.00,0.05,0.25,0.01,0.00
SpDis13,302.1,76.46,13.15,3.76,4.85,1.37,0.02,0.07,0.29,0.03,0.00
SpDis13,308.4,76.39,13.17,3.91,4.80,1.41,0.02,0.09,0.21,0.00,0.00
SpDis13,314.6,76.51,13.04,3.84,4.89,1.42,0.00,0.11,0.17,0.02,0.00
SpDis13,320.8,76.47,13.17,3.82,4.83,1.35,0.02,0.08,0.22,0.00,0.04
SpDis13,327.0,76.65,13.13,3.65,4.84,1.41,0.01,0.09,0.21,0.01,0.00
SpDis13,333.3,76.71,13.08,3.72,4.83,1.41,0.00,0.09,0.15,0.00,0.01
SpDis13,339.5,76.51,13.20,3.76,4.83,1.32,0.05,0.05,0.21,0.04,0.03
SpDis13,345.7,76.45,13.15,3.80,4.88,1.38,0.00,0.07,0.20,0.07,0.00
SpDis13,352.0,76.46,13.20,3.87,4.77,1.39,0.04,0.06,0.17,0.04,0.00
SpDis13,358.2,76.59,13.13,3.86,4.74,1.40,0.04,0.07,0.16,0.01,0.00
SpDis13,364.4,76.37,13.22,3.86,4.88,1.37,0.00,0.07,0.19,0.04,0.00
SpDis15,10.6,72.01,11.73,2.94,4.33,4.02,0.00,0.08,4.87,0.02,0.00
SpDis15,21.6,72.13,11.80,2.78,4.24,4.03,0.05,0.12,4.81,0.02,0.02
SpDis15,32.6,72.35,11.81,2.70,4.26,3.97,0.05,0.08,4.74,0.00,0.04
SpDis15,43.6,72.26,11.78,2.75,4.26,3.98,0.11,0.10,4.74,0.02,0.00
SpDis15,54.6,72.34,11.95,2.81,4.23,3.99,0.00,0.04,4.63,0.01,0.00
SpDis15,65.6,72.60,11.86,2.74,4.25,3.91,0.02,0.10,4.51,0.01,0.00
SpDis15,76.6,72.60,11.88,2.77,4.25,3.95,0.03,0.04,4.48,0.00,0.00
SpDis15,87.6,72.59,11.93,2.69,4.24,3.85,0.03,0.05,4.59,0.03,0.00
SpDis15,98.6,72.83,11.91,2.65,4.24,3.83,0.00,0.08,4.45,0.01,0.00
SpDis15,109.6,72.72,12.11,2.61,4.24,3.82,0.00,0.07,4.40,0.01,0.02
SpDis15,120.6,72.87,11.95,2.76,4.20,3.84,0.02,0.09,4.27,0.00,0.00
SpDis15,131.6,72.81,11.98,2.70,4.17,3.86,0.05,0.09,4.25,0.04,0.05
SpDis15,142.6,72.80,12.02,2.78,4.32,3.81,0.00,0.03,4.24,0.00,0.00
SpDis15,153.6,72.83,11.95,2.78,4.33,3.74,0.03,0.10,4.22,0.02,0.00
SpDis15,164.6,72.76,12.05,2.92,4.36,3.81,0.01,0.04,4.02,0.03,0.00
SpDis15,175.6,72.88,12.02,2.89,4.32,3.68,0.03,0.12,4.06,0.00,0.00
SpDis15,186.6,72.77,12.07,2.91,4.36,3.73,0.03,0.11,3.99,0.03,0.00
SpDis15,197.6,72.94,12.02,2.91,4.37,3.71,0.00,0.08,3.97,0.00,0.00
SpDis15,208.6,73.04,12.02,3.00,4.27,3.79,0.00,0.06,3.78,0.04,0.00
SpDis15,219.6,73.09,12.11,2.87,4.33,3.71,0.00,0.08,3.80,0.01,0.00
SpDis15,230.6,73.30,11.96,2.80,4.33,3.67,0.00,0.07,3.86,0.01,0.00
SpDis15,241.6,73.35,12.15,2.59,4.25,3.70,0.00,0.12,3.79,0.04,0.01
SpDis15,252.6,73.02,12.06,2.87,4.38,3.65,0.04,0.10,3.83,0.05,0.00
SpDis15,263.6,73.20,12.05,3.24,4.32,3.58,0.00,0.02,3.59,0.00,0.00
SpDis15,274.6,73.24,12.06,3.02,4.36,3.63,0.05,0.09,3.54,0.01,0.00
SpDis15,285.6,73.42,12.14,2.90,4.38,3.51,0.00,0.04,3.61,0.00,0.00
SpDis15,296.6,73.33,12.23,2.89,4.41,3.55,0.00,0.08,3.51,0.00,0.00
SpDis15,307.6,73.40,12.24,2.84,4.29,3.61,0.00,0.04,3.56,0.00,0.02
SpDis15,318.6,73.38,12.17,2.92,4.40,3.52,0.00,0.08,3.53,0.00,0.00
SpDis15,329.6,73.49,12.19,2.92,4.33,3.57,0.05,0.08,3.37,0.00,0.00
SpDis15,340.6,73.36,12.18,2.95,4.39,3.54,0.02,0.05,3.51,0.00,0.00
SpDis15,351.6,73.61,12.19,2.85,4.32,3.61,0.00,0.03,3.36,0.01,0.02
SpDis15,362.6,73.87,12.15,2.79,4.34,3.49,0.02,0.07,3.27,0.00,0.00
SpDis15,373.6,73.37,12.21,3.04,4.46,3.49,0.00,0.07,3.36,0.00,0.00
SpDis15,384.6,73.74,12.09,2.98,4.45,3.47,0.00,0.05,3.22,0.00,0.00
SpDis15,395.6,73.53,12.21,2.95,4.39,3.46,0.09,0.08,3.26,0.03,0.00
SpDis15,406.6,73.76,12.20,2.90,4.36,3.52,0.00,0.04,3.17,0.05,0.00
SpDis15,417.6,73.66,12.37,2.86,4.35,3.49,0.03,0.06,3.16,0.02,0.00
SpDis15,428.6,73.81,12.24,2.97,4.45,3.38,0.06,0.02,3.07,0.00,0.00
SpDis15,439.6,73.81,12.19,3.01,4.36,3.47,0.00,0.05,3.09,0.02,0.00
SpDis15,450.6,73.63,12.31,2.96,4.38,3.46,0.03,0.08,3.10,0.02,0.03
SpDis15,461.6,73.79,12.21,2.98,4.44,3.36,0.02,0.10,3.09,0.00,0.01
SpDis15,472.6,73.93,12.18,2.96,4.41,3.44,0.03,0.07,2.98,0.00,0.00
SpDis15,483.6,73.90,12.40,2.90,4.38,3.40,0.00,0.06,2.95,0.01,0.00
SpDis15,494.6,73.92,12.26,2.93,4.45,3.38,0.00,0.02,3.02,0.02,0.00
SpDis15,505.6,73.92,12.38,2.90,4.35,3.41,0.00,0.03,2.95,0.02,0.04
SpDis15,516.6,73.86,12.24,2.99,4.45,3.36,0.02,0.09,2.96,0.01,0.02
SpDis15,527.6,73.91,12.33,2.87,4.39,3.41,0.00,0.08,2.96,0.04,0.01
SpDis15,538.6,73.82,12.27,3.04,4.48,3.37,0.00,0.07,2.92,0.03,0.00
SpDis15,549.6,73.91,12.29,3.11,4.42,3.32,0.00,0.04,2.91,0.00,0.00
SpDis15,560.6,73.78,12.20,3.31,4.51,3.32,0.01,0.02,2.85,0.00,0.00
SpDis15,571.6,73.93,12.33,3.04,4.46,3.29,0.00,0.06,2.89,0.00,0.00
SpDis15,582.6,74.09,12.29,2.96,4.34,3.32,0.05,0.09,2.82,0.00,0.04
SpDis15,593.6,73.83,12.33,3.13,4.46,3.27,0.03,0.09,2.85,0.00,0.01
SpDis15,604.6,74.03,12.23,3.02,4.41,3.31,0.06,0.09,2.84,0.00,0.01
SpDis15,615.6,74.15,12.22,3.08,4.50,3.27,0.00,0.04,2.72,0.00,0.02
SpDis15,626.6,74.13,12.30,2.98,4.38,3.30,0.03,0.09,2.76,0.03,0.00
SpDis15,637.6,74.11,12.35,2.89,4.44,3.34,0.00,0.10,2.77,0.00,0.00
SpDis15,648.6,74.34,12.29,2.93,4.43,3.24,0.00,0.07,2.70,0.00,0.00
SpDis15,659.6,74.03,12.32,3.11,4.44,3.29,0.01,0.08,2.72,0.00,0.00
SpDis15,670.6,74.14,12.31,3.16,4.43,3.23,0.03,0.06,2.62,0.02,0.00
SpDis15,681.6,74.05,12.37,3.07,4.44,3.23,0.08,0.07,2.68,0.00,0.01
SpDis15,692.6,74.19,12.37,3.06,4.36,3.26,0.03,0.07,2.66,0.00,0.00
SpDis15,703.6,74.09,12.44,3.07,4.44,3.21,0.00,0.11,2.63,0.00,0.01
SpDis15,714.6,74.27,12.15,3.21,4.47,3.27,0.00,0.12,2.51,0.00,0.00
SpDis15,725.6,74.04,12.44,3.08,4.46,3.25,0.03,0.06,2.60,0.02,0.02
SpDis15,736.6,74.33,12.28,3.11,4.45,3.24,0.00,0.03,2.56,0.00,0.00
SpDis15,747.6,74.11,12.36,3.22,4.42,3.21,0.03,0.09,2.54,0.00,0.02
SpDis15,758.6,74.30,12.39,3.04,4.48,3.19,0.02,0.05,2.53,0.00,0.00
SpDis15,769.6,74.43,12.36,3.00,4.44,3.19,0.00,0.08,2.44,0.06,0.00
SpDis15,780.6,74.23,12.30,3.18,4.53,3.15,0.04,0.04,2.52,0.01,0.00
SpDis15,791.6,74.21,12.57,3.08,4.45,3.17,0.00,0.08,2.43,0.01,0.00
SpDis15,802.6,74.20,12.54,3.15,4.45,3.16,0.00,0.05,2.42,0.03,0.00
SpDis15,813.6,74.39,12.54,3.07,4.45,3.13,0.00,0.04,2.38,0.00,0.00
SpDis15,824.6,74.36,12.49,3.15,4.48,3.08,0.05,0.06,2.33,0.00,0.00
SpDis17,11.2,77.80,13.06,2.44,4.53,1.05,0.03,0.11,0.94,0.04,0.00
SpDis17,22.7,77.82,13.20,2.33,4.53,0.94,0.07,0.09,0.99,0.03,0.00
SpDis17,34.2,77.71,13.15,2.48,4.52,1.02,0.02,0.09,0.88,0.05,0.08
SpDis17,45.7,77.93,13.19,2.44,4.52,0.97,0.01,0.08,0.83,0.02,0.01
SpDis17,57.2,77.91,13.21,2.40,4.53,0.99,0.02,0.08,0.84,0.02,0.00
SpDis17,68.7,77.78,13.14,2.55,4.62,1.00,0.02,0.08,0.80,0.00,0.01
SpDis17,80.2,77.83,13.20,2.38,4.59,1.01,0.00,0.09,0.75,0.04,0.11
SpDis17,91.7,77.84,13.12,2.57,4.55,0.98,0.00,0.07,0.78,0.09,0.00
SpDis17,103.2,77.86,13.17,2.46,4.59,0.97,0.01,0.04,0.81,0.09,0.00
SpDis17,114.7,77.82,13.18,2.55,4.59,0.99,0.00,0.10,0.70,0.07,0.00
SpDis17,126.2,77.76,13.19,2.42,4.67,0.98,0.07,0.10,0.78,0.03,0.00
SpDis17,137.7,77.80,13.14,2.58,4.64,0.96,0.03,0.07,0.70,0.04,0.04
SpDis17,149.2,78.02,13.16,2.42,4.64,0.93,0.03,0.09,0.66,0.05,0.00
SpDis17,160.7,78.07,13.12,2.48,4.68,0.95,0.00,0.07,0.62,0.01,0.00
SpDis17,172.2,77.90,13.23,2.54,4.60,0.96,0.00,0.08,0.66,0.03,0.00
SpDis17,183.7,77.89,13.07,2.54,4.64,1.01,0.01,0.07,0.74,0.03,0.00
SpDis17,195.2,77.83,13.25,2.54,4.68,0.94,0.07,0.06,0.60,0.01,0.02
SpDis17,206.7,77.89,13.13,2.62,4.67,0.95,0.01,0.08,0.63,0.02,0.00
SpDis17,218.2,77.93,13.21,2.56,4.68,0.94,0.00,0.08,0.56,0.04,0.00
SpDis17,229.7,77.93,13.33,2.61,4.57,0.95,0.00,0.01,0.57,0.02,0.01
SpDis17,241.2,78.02,13.27,2.51,4.67,0.90,0.01,0.06,0.53,0.03,0.00
SpDis17,252.7,77.90,13.31,2.62,4.67,0.91,0.00,0.04,0.55,0.00,0.00
SpDis17,264.2,77.94,13.29,2.56,4.70,0.94,0.00,0.04,0.53,0.00,0.00
SpDis17,275.7,77.88,13.23,2.63,4.68,0.91,0.04,0.04,0.54,0.03,0.02
SpDis17,287.2,77.87,13.26,2.62,4.60,0.96,0.03,0.08,0.51,0.03,0.04
SpDis17,298.7,77.95,13.28,2.64,4.66,0.91,0.00,0.07,0.49,0.00,0.00
SpDis17,310.2,77.86,13.35,2.57,4.66,0.98,0.01,0.08,0.46,0.03,0.00
SpDis17,321.7,77.97,13.28,2.62,4.62,0.97,0.00,0.05,0.45,0.04,0.00
SpDis17,333.2,77.98,13.34,2.55,4.66,0.89,0.04,0.07,0.45,0.02,0.00
SpDis17,344.7,77.81,13.32,2.65,4.68,0.97,0.02,0.08,0.45,0.02,0.00
SpDis17,356.2,77.91,13.30,2.69,4.70,0.90,0.00,0.01,0.47,0.02,0.00
SpDis17,367.7,77.99,13.36,2.56,4.67,0.93,0.00,0.05,0.44,0.00,0.00
SpDis17,379.2,77.69,13.37,2.78,4.72,0.95,0.00,0.09,0.38,0.02,0.00
SpDis17,390.7,77.70,13.43,2.70,4.77,0.92,0.04,0.06,0.37,0.01,0.00
SpDis17,402.2,77.73,13.39,2.65,4.70,0.87,0.07,0.09,0.39,0.05,0.06
SpDis17,413.7,77.85,13.41,2.65,4.65,0.89,0.00,0.11,0.38,0.02,0.04
SpDis17,425.2,78.00,13.26,2.65,4.71,0.92,0.04,0.05,0.32,0.04,0.01
SpDis17,436.7,77.81,13.35,2.76,4.66,0.92,0.00,0.08,0.41,0.01,0.00
SpDis17,448.2,77.79,13.39,2.65,4.72,0.94,0.01,0.06,0.39,0.05,0.00
SpDis17,459.7,77.79,13.40,2.73,4.73,0.91,0.02,0.09,0.33,0.00,0.00
SpDis17,471.2,78.02,13.27,2.65,4.63,0.88,0.01,0.10,0.34,0.10,0.00
SpDis17,482.7,77.92,13.36,2.70,4.63,0.96,0.00,0.09,0.31,0.03,0.00
SpDis17,494.2,77.83,13.34,2.83,4.73,0.89,0.02,0.06,0.28,0.01,0.01
SpDis17,505.7,77.85,13.36,2.70,4.74,0.90,0.00,0.10,0.31,0.04,0.00
SpDis17,517.2,77.76,13.36,2.76,4.76,0.91,0.00,0.08,0.33,0.04,0.00
SpDis17,528.7,77.73,13.33,2.76,4.77,0.90,0.00,0.10,0.35,0.06,0.00
SpDis17,540.2,77.63,13.53,2.78,4.70,0.89,0.00,0.03,0.34,0.06,0.04
SpDis17,551.7,77.63,13.41,2.87,4.70,0.93,0.01,0.08,0.33,0.02,0.02
SpDis17,563.2,77.74,13.41,2.76,4.73,0.92,0.00,0.07,0.31,0.06,0.00
SpDis17,574.7,77.69,13.39,2.79,4.65,0.94,0.01,0.09,0.35,0.07,0.02
SpDis18,359.0,77.89,13.19,3.11,4.78,0.65,0.05,0.06,0.21,0.06,0.00
SpDis18,352.5,77.69,13.26,3.06,4.94,0.63,0.06,0.09,0.20,0.07,0.00
SpDis18,346.0,77.70,13.34,3.09,4.91,0.70,0.00,0.04,0.21,0.00,0.01
SpDis18,339.5,77.76,13.30,3.08,4.89,0.68,0.03,0.06,0.20,0.00,0.00
SpDis18,333.0,77.91,13.12,3.04,4.89,0.71,0.00,0.10,0.19,0.04,0.00
SpDis18,326.5,77.79,13.30,2.96,4.87,0.69,0.00,0.01,0.28,0.08,0.02
SpDis18,320.0,77.84,13.25,2.99,4.90,0.68,0.00,0.07,0.22,0.05,0.00
SpDis18,313.5,77.73,13.22,3.14,4.91,0.71,0.02,0.01,0.18,0.07,0.01
SpDis18,307.0,77.72,13.32,3.06,4.90,0.69,0.00,0.03,0.21,0.06,0.01
SpDis18,300.5,77.80,13.38,3.06,4.86,0.65,0.02,0.06,0.16,0.01,0.00
SpDis18,294.0,77.85,13.29,3.13,4.80,0.63,0.00,0.07,0.18,0.05,0.00
SpDis18,287.5,77.72,13.23,3.17,4.83,0.69,0.05,0.08,0.19,0.00,0.04
SpDis18,281.0,77.66,13.34,3.06,4.85,0.68,0.10,0.06,0.21,0.04,0.00
SpDis18,274.5,77.56,13.30,3.11,4.87,0.66,0.10,0.10,0.26,0.04,0.00
SpDis18,268.0,77.76,13.23,3.07,4.90,0.67,0.00,0.10,0.20,0.07,0.00
SpDis18,261.5,77.77,13.31,3.03,4.84,0.67,0.01,0.06,0.28,0.03,0.00
SpDis18,255.0,77.65,13.30,3.11,4.90,0.66,0.00,0.08,0.22,0.04,0.04
SpDis18,248.5,77.73,13.29,3.05,4.86,0.73,0.00,0.05,0.26,0.02,0.01
SpDis18,242.0,77.84,13.30,3.11,4.87,0.67,0.01,0.06,0.14,0.00,0.00
SpDis18,235.5,77.75,13.16,3.09,4.92,0.68,0.00,0.12,0.28,0.00,0.00
SpDis18,229.0,77.69,13.20,3.10,4.88,0.65,0.10,0.05,0.29,0.00,0.04
SpDis18,222.5,77.74,13.26,3.00,4.86,0.66,0.01,0.09,0.24,0.11,0.03
SpDis18,216.0,77.90,13.28,2.98,4.81,0.64,0.00,0.12,0.26,0.00,0.01
SpDis18,209.5,77.63,13.25,3.07,4.86,0.75,0.03,0.07,0.23,0.09,0.02
SpDis18,203.0,77.83,13.16,3.01,4.86,0.72,0.00,0.09,0.27,0.06,0.00
SpDis18,196.5,77.82,13.27,3.02,4.79,0.68,0.00,0.03,0.35,0.04,0.00
SpDis18,190.0,77.71,13.23,3.08,4.89,0.68,0.04,0.07,0.25,0.05,0.00
SpDis18,183.5,77.74,13.29,3.03,4.83,0.75,0.00,0.11,0.21,0.04,0.00
SpDis18,177.0,77.78,13.30,3.02,4.83,0.72,0.00,0.02,0.28,0.05,0.00
SpDis18,170.5,77.75,13.32,3.00,4.82,0.69,0.02,0.07,0.26,0.07,0.00
SpDis18,164.0,77.62,13.28,3.07,4.94,0.66,0.00,0.09,0.28,0.05,0.01
SpDis18,157.5,77.75,13.19,3.08,4.80,0.68,0.05,0.03,0.35,0.04,0.03
SpDis18,151.0,77.93,13.21,2.94,4.86,0.68,0.00,0.05,0.27,0.06,0.00
SpDis18,144.5,77.81,13.20,2.99,4.85,0.70,0.00,0.09,0.30,0.06,0.00
SpDis18,138.0,77.83,13.40,2.99,4.70,0.70,0.00,0.04,0.27,0.07,0.00
SpDis18,131.5,77.67,13.28,2.97,4.83,0.71,0.01,0.11,0.35,0.07,0.00
SpDis18,125.0,77.68,13.30,3.07,4.83,0.70,0.00,0.07,0.27,0.07,0.01
SpDis18,118.5,77.70,13.24,3.04,4.77,0.69,0.09,0.05,0.33,0.09,0.00
SpDis18,112.0,77.72,13.32,2.96,4.81,0.72,0.01,0.07,0.30,0.02,0.07
SpDis18,105.5,77.62,13.28,3.01,4.79,0.67,0.00,0.11,0.39,0.13,0.00
SpDis18,99.0,77.68,13.29,2.92,4.85,0.73,0.04,0.06,0.38,0.05,0.00
SpDis18,92.5,77.71,13.17,2.99,4.90,0.74,0.01,0.08,0.32,0.04,0.04
SpDis18,86.0,77.45,13.26,3.02,4.76,0.81,0.00,0.09,0.39,0.12,0.10
SpDis18,79.5,77.80,13.22,2.91,4.80,0.72,0.00,0.09,0.42,0.01,0.03
SpDis18,73.0,77.73,13.16,2.98,4.80,0.70,0.02,0.06,0.48,0.07,0.00
SpDis18,66.5,77.79,13.25,2.89,4.85,0.69,0.02,0.09,0.42,0.00,0.00
SpDis18,60.0,77.71,13.17,2.91,4.76,0.77,0.05,0.08,0.43,0.10,0.02
SpDis18,53.5,77.62,13.23,2.93,4.82,0.78,0.00,0.05,0.50,0.05,0.02
SpDis18,47.0,77.46,13.36,2.93,4.86,0.80,0.03,0.09,0.43,0.04,0.00
SpDis18,40.5,77.65,13.31,2.83,4.85,0.69,0.00,0.12,0.49,0.06,0.00
SpDis18,34.0,77.65,13.29,2.97,4.74,0.76,0.00,0.00,0.55,0.03,0.01
SpDis18,27.5,77.72,13.19,2.97,4.78,0.79,0.00,0.07,0.48,0.00,0.00
SpDis18,21.0,77.65,13.34,2.90,4.77,0.71,0.04,0.05,0.49,0.05,0.00
SpDis18,14.5,77.57,13.28,2.90,4.75,0.75,0.00,0.09,0.56,0.05,0.05
SpDis18,8.0,77.45,13.38,2.79,4.74,0.84,0.03,0.08,0.62,0.07,0.00
SpDis21,22.0,76.29,12.87,3.34,4.69,1.15,0.06,0.11,1.49,0.00,0.00
SpDis21,30.1,76.51,12.74,3.34,4.77,1.10,0.03,0.05,1.43,0.03,0.00
SpDis21,38.2,76.33,12.77,3.38,4.87,1.17,0.03,0.09,1.28,0.02,0.06
SpDis21,46.2,76.27,13.04,3.38,4.82,1.12,0.00,0.09,1.28,0.00,0.00
SpDis21,54.3,76.50,12.93,3.33,4.83,1.14,0.00,0.05,1.22,0.00,0.00
SpDis21,62.4,76.38,12.89,3.33,4.84,1.14,0.03,0.07,1.28,0.03,0.01
SpDis21,70.5,76.30,13.06,3.36,4.87,1.13,0.00,0.07,1.16,0.05,0.00
SpDis21,78.6,76.44,12.91,3.43,4.79,1.12,0.05,0.09,1.15,0.02,0.00
SpDis21,86.6,76.50,12.93,3.43,4.83,1.10,0.01,0.08,1.10,0.00,0.02
SpDis21,94.7,76.66,12.86,3.37,4.75,1.09,0.00,0.11,1.12,0.04,0.00
SpDis21,102.8,76.55,12.92,3.46,4.88,1.07,0.00,0.07,1.02,0.03,0.00
SpDis21,110.9,76.50,12.93,3.41,4.91,1.10,0.01,0.08,1.06,0.00,0.00
SpDis21,119.0,76.80,12.91,3.38,4.83,1.06,0.00,0.09,0.91,0.02,0.00
SpDis21,127.0,76.82,12.82,3.47,4.82,1.00,0.02,0.07,0.98,0.00,0.00
SpDis21,135.1,76.50,13.00,3.41,4.85,1.08,0.00,0.12,0.97,0.02,0.05
SpDis21,143.2,76.78,12.89,3.42,4.85,1.02,0.00,0.09,0.88,0.03,0.04
SpDis21,151.3,76.69,12.98,3.46,4.81,1.05,0.01,0.07,0.92,0.01,0.00
SpDis21,159.4,76.75,13.04,3.41,4.85,1.07,0.00,0.05,0.82,0.00,0.01
SpDis21,167.4,76.77,13.00,3.48,4.84,1.03,0.01,0.07,0.80,0.00,0.00
SpDis21,175.5,76.75,13.15,3.42,4.82,1.00,0.00,0.05,0.78,0.01,0.02
SpDis21,183.6,76.63,13.04,3.47,4.98,1.07,0.01,0.10,0.69,0.01,0.00
SpDis21,191.7,76.72,13.12,3.41,4.89,1.09,0.00,0.10,0.63,0.02,0.02
SpDis21,199.8,76.73,13.04,3.58,4.89,1.04,0.00,0.07,0.65,0.00,0.00
SpDis21,207.8,76.81,13.01,3.50,4.84,1.03,0.04,0.10,0.58,0.00,0.09
SpDis21,215.9,76.77,13.06,3.50,4.94,1.03,0.03,0.09,0.58,0.00,0.00
SpDis21,224.0,76.78,12.98,3.59,4.87,1.04,0.02,0.11,0.56,0.04,0.01
SpDis21,232.1,76.83,13.07,3.51,4.90,1.02,0.01,0.06,0.57,0.00,0.03
SpDis21,240.2,76.90,13.00,3.54,4.89,1.03,0.00,0.09,0.55,0.00,0.00
SpDis21,248.2,76.75,13.06,3.58,4.83,1.05,0.03,0.12,0.58,0.00,0.00
SpDis21,256.3,76.94,13.13,3.56,4.85,1.03,0.00,0.06,0.43,0.00,0.00
SpDis21,264.4,76.75,13.12,3.58,4.85,1.04,0.01,0.09,0.49,0.03,0.04
SpDis21,272.5,76.81,13.21,3.56,4.94,1.00,0.03,0.02,0.42,0.01,0.00
SpDis21,280.6,76.86,13.11,3.58,4.90,1.00,0.00,0.07,0.48,0.00,0.00
SpDis21,288.6,76.90,13.15,3.65,4.85,0.97,0.05,0.11,0.32,0.00,0.00
SpDis21,296.7,76.68,13.31,3.64,4.91,0.97,0.00,0.09,0.39,0.01,0.00
SpDis21,304.8,76.64,13.14,3.64,4.92,1.03,0.01,0.10,0.40,0.02,0.10
SpDis21,312.9,76.80,13.27,3.65,4.87,0.99,0.00,0.04,0.38,0.00,0.00
SpDis21,321.0,76.95,13.13,3.60,4.89,1.01,0.00,0.09,0.33,0.00,0.00
SpDis21,329.0,77.03,13.16,3.58,4.87,0.96,0.00,0.07,0.33,0.00,0.00
SpDis21,337.1,76.93,13.13,3.56,4.92,1.04,0.01,0.07,0.29,0.02,0.03
SpDis21,345.2,76.93,13.25,3.58,4.93,0.99,0.01,0.02,0.29,0.00,0.00
SpDis21,353.3,76.86,13.14,3.61,4.88,1.07,0.00,0.07,0.34,0.00,0.03
SpDis21,361.4,76.95,13.14,3.61,4.88,1.03,0.00,0.05,0.27,0.04,0.03
SpDis21,369.4,76.90,13.13,3.68,4.93,0.95,0.06,0.02,0.30,0.03,0.00
SpDis21,377.5,76.86,13.21,3.62,4.93,1.02,0.03,0.06,0.26,0.00,0.01
SpDis21,385.6,76.76,13.19,3.68,4.87,1.02,0.04,0.07,0.27,0.05,0.05
SpDis21,393.7,76.84,13.18,3.65,4.89,1.04,0.04,0.04,0.26,0.04,0.02
SpDis21,401.8,76.89,13.13,3.69,4.95,0.97,0.03,0.09,0.25,0.00,0.00
SpDis21,409.8,76.91,13.16,3.63,4.92,1.05,0.02,0.03,0.26,0.02,0.00
SpDis21,417.9,76.91,13.33,3.54,4.93,0.99,0.02,0.04,0.24,0.00,0.00
