"","DF_Model","Expt","Source","TC","Pkb","Titanite","Rutile","SiO2","Al2O3","Na2O","K2O","CaO","FeO","MgO","TiO2","Si","Al","Na","K","Ca","Fe","Mg","Ti","eCa","CationSum","lnTiO2","Al2O3m","Na2Om","K2Om","CaOm","M","FM","C","A_CNK","A_NK","A_C","TK","InvTK","PInvTK"
"1","N","1044A","LEPR",1000,7.5,"Y","N",56.55,15.54,3.34,1.56,7.35,5.07,2.41,2.32,0.561102899827936,0.181727832921307,0.0642549250678387,0.0197472160628617,0.0781373187472329,0.0420704804063382,0.0356483231540565,0.0173110038124287,0.0491037386508751,1.67735688697939,0.841567185678219,0.152411216053197,0.0538892205424418,0.0165615644308555,0.131064169730775,2.35639362899353,3.88076976397083,4.81560213928081,0.75632707397332,2.16337143881313,1.16287476864403,1273.15,0.000785453402976868,5.89011506892354
"2","N","1044BA","LEPR",1000,7.5,"Y","N",51.82,15.55,1.83,0.9,9.96,7.97,2.95,2.85,0.524913717584076,0.185644221838878,0.0359411239439438,0.0116306610367878,0.108096370875382,0.0675162702888274,0.0445476387581149,0.0217099956739908,0.0641769096395394,1.64302762841892,1.04731899428056,0.152509292768804,0.0295261298181642,0.00955474871010892,0.17760532388007,2.70674304064559,5.00673545948311,6.58581370624553,0.703825583141659,3.90240185257019,0.858697754307114,1273.15,0.000785453402976868,5.89011506892354
"3","N","1044T","LEPR",1000,7.5,"Y","N",60.75,15.21,5.23,4.82,2.65,3.58,0.16,1.73,0.593618269904624,0.17516636590483,0.0990860956944314,0.0600868435570316,0.0277439384298163,0.0292552363616603,0.00233073618559897,0.0127125139620072,0.0336341518312915,1.70323433574247,0.548121408509688,0.149174684438168,0.0843834201907098,0.0511709875363611,0.0472544285423881,2.06440450132453,2.67193246182132,3.23461429508475,0.816014627533021,1.10047830195622,3.15684030131388,1273.15,0.000785453402976868,5.89011506892354
"4","N","1045A","LEPR",1000,16,"Y","Y",57.55,16.15,3.38,1.58,6.66,4.81,1.95,1.9,0.571798523881368,0.189117081846185,0.0651125123660549,0.0200274734462114,0.0708978707825881,0.0399670769183718,0.0288831444911129,0.0141963162681078,0.0316747833538524,1.67508819572467,0.641853886172395,0.158393895705221,0.0545346004291776,0.016773892179969,0.118760186449926,2.09859718586393,3.37198752035046,2.92913821800681,0.833350852383165,2.22124868875581,1.33372892414585,1273.15,0.000785453402976868,12.5664689942269
"5","N","1045BA","LEPR",1000,16,"Y","N",51.33,15.86,1.88,0.93,9.4,8.01,2.55,2.7,0.526699730786544,0.19180306568171,0.037402422533049,0.0121743604639832,0.103342972026085,0.0687359526596623,0.0390071456663488,0.0208343501826179,0.052275906434517,1.62197272916115,0.993251773010283,0.155549670952619,0.030332854676584,0.00987324033377922,0.167619482376773,2.53668652912107,4.66973544557066,5.17467324167562,0.748462594971466,3.86880822205006,0.92799278906599,1273.15,0.000785453402976868,12.5664689942269
"6","N","1045T","LEPR",1000,16,"Y","N",60.79,15.32,5.28,4.87,2.64,3.37,0.18,1.61,0.593524198596145,0.176289149093028,0.0999517172791661,0.0606605891329879,0.0276166804800222,0.0275166649517249,0.00261993762351126,0.011821062843414,0.0337145335925455,1.70462594076683,0.476234178996372,0.150253528309844,0.0851901450491295,0.051701806909145,0.047076109944115,2.06290545247332,2.63895557688257,3.22220482914429,0.816737029004339,1.09760673407332,3.19171504374965,1273.15,0.000785453402976868,12.5664689942269
"7","N","1046A","LEPR",950,7.5,"Y","N",58.22,16.55,3.35,1.56,5.96,5.02,1.82,1.45,0.578736201848488,0.193895163447229,0.0645659144629036,0.0197835590107752,0.0634769381155097,0.0417322474486438,0.0269706862075992,0.0108392894588513,0.0145730501862876,1.67427553574512,0.371563556432483,0.162316964329499,0.0540505655141258,0.0165615644308555,0.106277884570805,1.88303657655365,3.10753336916998,1.29868204035014,0.917615190285447,2.29871219655845,1.52728824990263,1223.15,0.000817561214895965,6.13089155050484
"8","N","1046BA","LEPR",950,7.5,"Y","N",53.14,17.18,1.82,0.9,8.79,7.94,2.09,1.68,0.539480801754183,0.205559774702531,0.0358241490287432,0.0116565043303616,0.0956102779529161,0.0674115875056525,0.0316309976493968,0.0128259070762157,0.0271657840259629,1.63938492009508,0.518793793415168,0.168495797412736,0.0293647848464803,0.00955474871010892,0.15674204788211,2.15248677535033,3.93871865410158,2.44967300492422,0.86115933528589,4.32933753349697,1.0749878522671,1223.15,0.000817561214895965,6.13089155050484
"9","N","1046T","LEPR",950,7.5,"Y","N",61.13,15.52,5.17,4.78,2.26,3.81,0.17,1.31,0.597030681033853,0.178646495172545,0.0979000351793047,0.0595581948679344,0.0236489549879202,0.0311190863529503,0.00247516032505275,0.00962139208043937,0.0222466229864919,1.70409234701152,0.27002713721306,0.152215062621983,0.083415350360606,0.0507463320381341,0.0403000032097348,1.91975489532261,2.54970151873036,2.08580135266764,0.872484190962034,1.13456435474316,3.77704839947046,1223.15,0.000817561214895965,6.13089155050484
"10","N","1056A","LEPR",1000,4,"Y","N",57.83,15.6,3.41,1.61,7.83,4.3,2.34,2.17,0.567032731202333,0.180276892790119,0.064827513771504,0.0201396624886385,0.082257964760796,0.035260056185579,0.0342044769288961,0.0160007018721343,0.0587348052489167,1.69738532741368,0.774727167552368,0.152999676346839,0.0550186353442295,0.0170923838036393,0.139623462447886,2.44057944440272,3.79965913922214,5.74575813109018,0.722601605528505,2.1217239494716,1.09580204977329,1273.15,0.000785453402976868,3.1410281585045
"11","N","1056BA","LEPR",1000,4,"Y","N",54.42,15.57,1.91,0.95,10.58,5.63,2.98,2.74,0.54293598797816,0.183079296040955,0.0369465175801167,0.0120916362234428,0.113093337605343,0.0469740596392652,0.0443219149070872,0.0205572500256301,0.0768580884475171,1.66818913445961,1.00795792039998,0.152705446200018,0.0308168895916359,0.0100855680828928,0.188661076973006,2.7688520304716,4.60578691314141,7.73217572768693,0.665199054520907,3.73340515171812,0.809416805257965,1273.15,0.000785453402976868,3.1410281585045
"12","N","1056T","LEPR",1000,4,"Y","Y",61.66,15.54,5.16,4.79,2.83,3.15,0.16,1.81,0.596573948999636,0.177203505181223,0.0967966922470074,0.0591245234851837,0.0293365109746245,0.025487716407309,0.00230777203649886,0.0131693306685172,0.0321594485597211,1.7201828586554,0.593326845277734,0.152411216053197,0.0832540053889221,0.0508524959126908,0.050464163311305,2.02993187447509,2.55578893912235,3.04208959207137,0.825760780418893,1.13649386550183,3.02018711997655,1273.15,0.000785453402976868,3.1410281585045
"13","N","ASI200","LEPR",1150,0.001,"Y","N",57.88,4.72,12.45,1.03,10.76,0,0,11.84,0.529414633134628,0.0508826763718852,0.220793772963097,0.0120192126529893,0.105448632375988,0,0,0.0814410725014134,0.357387970801318,1.81956662138385,2.47148362945586,0.0462922097664793,0.200874489746527,0.0109348790793469,0.191870811741923,16.4715160549874,16.4715160549874,132.670401326771,0.114675458431888,0.218556006389574,0.241267597432928,1423.15,0.000702666619822225,0
"14","N","ASI220","LEPR",1150,0.001,"Y","N",59.87,9.36,11.94,1.16,8.49,0,0,8.2,0.540369802804311,0.0995676349825657,0.208947024494754,0.0133570692747076,0.0821014382555004,0,0,0.0556570301881603,0.264553589765042,1.84396879215173,2.10413415427021,0.0917998058081031,0.192645896190645,0.0123150094485848,0.151392489933915,7.18369801408545,7.18369801408545,49.1704741064634,0.257608898774364,0.447889345149987,0.606369614821547,1423.15,0.000702666619822225,0
"15","N","ASI240","LEPR",1150,0.001,"Y","N",61.67,14.62,10.89,1.34,6.05,0,0,4.33,0.553277231555998,0.154588346540539,0.189429136939306,0.0153371626818403,0.0581547892529819,0,0,0.0292133330293354,0.154425227092342,1.85509660237883,1.4655675420144,0.143388158217358,0.17570467416383,0.0142259591906066,0.107882751955263,3.75394692822262,3.75394692822262,18.0550501104253,0.481469824025023,0.754950139874361,1.32911105453463,1423.15,0.000702666619822225,0
"16","N","ASI250","LEPR",1150,0.001,"Y","N",61.99,17.18,9.92,1.38,5.07,0,0,2.97,0.558982764996662,0.182583055247874,0.17343570263847,0.0158754938237079,0.0489830701267985,0,0,0.0201399131664877,0.0966165585110767,1.84568931858421,1.08856195281461,0.168495797412736,0.160054211910486,0.0146506146888337,0.0904075293244935,2.81476717815479,2.81476717815479,9.46657055764598,0.635563728539148,0.964459887528903,1.86373633558734,1423.15,0.000702666619822225,0
"17","N","ASI260","LEPR",1150,0.001,"Y","N",61.37,19.18,8.87,1.38,5.13,0,0,3.02,0.554375663616476,0.204200671515367,0.155353736912333,0.0159037117582625,0.0496508468614181,0,0,0.0205153693361435,0.0611299049525106,1.8424145144887,1.10525683138678,0.188111140534126,0.14311298988367,0.0146506146888337,0.0914774409141325,2.39001645300302,2.39001645300302,5.39998306154295,0.754735802711964,1.19236081759069,2.05636645116364,1423.15,0.000702666619822225,0
"18","N","ASI280","LEPR",1150,0.001,"Y","N",57.51,20.52,5.93,1.22,8.6,0,0,4.27,0.536604797003059,0.225657134478296,0.107279299055682,0.0145225335865977,0.0859747449009316,0,0,0.0299614909754335,0.0607301349939753,1.78370979398228,1.45161382724053,0.201253420425457,0.0956775682085868,0.0129519926959254,0.15335399451492,2.42591852426158,2.42591852426158,5.01534284976046,0.768191042003582,1.85265795746301,1.31234547272179,1423.15,0.000702666619822225,0
"19","N","DAC","LEPR",1150,0.001,"Y","N",62.8,16.19,5.09,3.5,8.97,0,0,2,0.585111165901898,0.177781317503284,0.091948907889389,0.0416023786365821,0.0895431662098715,0,0,0.0140130638589752,0.120447526765381,1.78630921176197,0.693147180559945,0.158786202567648,0.0821245905871344,0.037157356094868,0.159951782651027,3.00549997095964,3.00549997095964,11.5790620276689,0.568649793658242,1.3311838629777,0.992712928458437,1423.15,0.000702666619822225,0
"20","N","HL220-100","LEPR",1150,0.001,"Y","N",59.56,9.18,12.13,1.15,8.9,0,0,8.74,0.53429811003489,0.0970581835969466,0.210979277368991,0.0131612811009702,0.0855421609285078,0,0,0.0589609869696939,0.276589423762605,1.85526704890881,2.16791018966744,0.090034424927178,0.19571145065264,0.0122088455740281,0.158703552463115,7.62128985672643,7.62128985672643,53.335917719952,0.245577109205899,0.433023743045389,0.567311969579909,1423.15,0.000702666619822225,0
"21","N","HL220-1500","LEPR",1150,0.001,"Y","N",59.71,9.18,12.07,1.18,8.72,0,0,8.59,0.536769125298087,0.0972621055036515,0.210376767186767,0.0135329924435887,0.0839881862630377,0,0,0.0580708233048689,0.272730110787255,1.8513772545012,2.15059873599616,0.090034424927178,0.194743380822537,0.0125273371976984,0.155493817694198,7.50634810586745,7.50634810586745,52.2398467956947,0.248189710027368,0.43438082227509,0.57902253775931,1423.15,0.000702666619822225,0
"22","N","HL220-15000","LEPR",1150,0.001,"Y","N",58.37,8.77,11.45,1.13,8.75,0,0,8.3,0.540640270168872,0.0957367809845214,0.205624204697195,0.0133526823426742,0.086833641191658,0,0,0.0578124206150792,0.26675200430477,1.7968700995117,2.11625551480255,0.0860132795872932,0.184739992578131,0.0119965178249145,0.156028773489017,7.58598431607379,7.58598431607379,51.5371595587417,0.243825805754772,0.437200392601665,0.551265498432874,1423.15,0.000702666619822225,0
"23","N","HL220-25","LEPR",1150,0.001,"Y","N",59.62,9.32,12.01,1.14,8.82,0,0,8.64,0.53570780256524,0.0986989294106708,0.209232458625079,0.0130680933240046,0.0849113697611213,0,0,0.0583813463138849,0.271747497423158,1.85224904649863,2.15640258281596,0.0914074989456753,0.193775310992433,0.0121026816994713,0.15727700367693,7.41621352960765,7.41621352960765,51.3955052112486,0.25170381754252,0.443988683542618,0.581187947434706,1423.15,0.000702666619822225,0
"24","N","HL220-250","LEPR",1150,0.001,"Y","N",59.2,8.86,11.99,1.11,9.33,0,0,9.12,0.532564684760924,0.0939387785189129,0.209131711365058,0.0127392837803854,0.089927715901506,0,0,0.0616978256732138,0.284712093285971,1.85005535302465,2.21046980408624,0.0868959700277557,0.193452621049065,0.011784190075801,0.166371252188861,8.02995532383161,8.02995532383161,56.9100073054011,0.233837687085908,0.423393686305563,0.522301592880442,1423.15,0.000702666619822225,0
"25","N","HL220-2500","LEPR",1150,0.001,"Y","N",59.78,9.1,11.99,1.12,8.81,0,0,8.59,0.538170119138958,0.096552959845653,0.209282494837374,0.012863319844083,0.0849768914234391,0,0,0.0581542149104925,0.273191848875757,1.84872242849924,2.15059873599616,0.0892498112023224,0.193452621049065,0.0118903539503578,0.157098685078656,7.54590310268409,7.54590310268409,52.5753975024318,0.246246006000237,0.434637762516947,0.568113037722988,1423.15,0.000702666619822225,0
"26","N","HL220-40000","LEPR",1150,0.001,"Y","N",57.22,8.68,11.4,1.05,8.54,0,0,7.64,0.540892205069676,0.0967037072975599,0.208938162675841,0.0126626191258413,0.0864932072529417,0,0,0.0543100985781403,0.262233968326622,1.76064789087934,2.03339760317843,0.0851305891468307,0.183933267719712,0.0111472068284604,0.152284082925281,7.54378222181748,7.54378222181748,50.1343167424283,0.245075633985303,0.436387031270057,0.559024866627725,1423.15,0.000702666619822225,0
"27","N","HL220-50","LEPR",1150,0.001,"Y","N",59.31,9,12.16,1.14,8.97,0,0,8.86,0.533258508258033,0.0953702471677067,0.211979320201705,0.0130763367559055,0.0864099142070141,0,0,0.0599056734096365,0.279980905871938,1.85108137323024,2.18154676461699,0.088269044046253,0.196195485567692,0.0121026816994713,0.159951782651027,7.82341700698094,7.82341700698094,55.0525845688251,0.239698726546637,0.423762941385072,0.55184782928511,1423.15,0.000702666619822225,0
"28","N","HL220-5000","LEPR",1150,0.001,"Y","N",59.64,9.36,11.91,1.11,8.59,0,0,8.08,0.539926679586445,0.0998696507758123,0.209054232839451,0.0128201028007203,0.083320444561301,0,0,0.05500888943627,0.265321921459938,1.83839244645354,2.089391872533,0.0917998058081031,0.192161861275593,0.011784190075801,0.153175675916647,7.20509519230984,7.20509519230984,49.2044990487225,0.257054664554761,0.450118083678581,0.599310597186838,1423.15,0.000702666619822225,0
"29","N","HL220-60000","LEPR",1150,0.001,"Y","N",55.51,7.3,10.13,1.03,9.38,0,0,7.11,0.552529233339113,0.0856381787833921,0.195498544987588,0.0130795449225039,0.100034114759103,0,0,0.0532203832083003,0.270044178182351,1.67205803323217,1.96150224381515,0.0715960023930719,0.163442456315849,0.0109348790793469,0.167262845180227,8.63624408306241,8.63624408306241,57.0705601669315,0.209565520871939,0.410580894763715,0.428044867441581,1423.15,0.000702666619822225,0
"30","N","HL220-75000","LEPR",1150,0.001,"Y","N",54.98,7.98,10.73,0.98,8.94,0,0,7.21,0.54199515277175,0.0927158720991631,0.205088089636822,0.0123250337853902,0.0944255335118373,0,0,0.0534503181950378,0.264678822125313,1.68828092283135,1.97546895129686,0.0782652190543443,0.173123154616886,0.010404059706563,0.159416826856207,8.08460961040628,8.08460961040628,52.6707743224131,0.228215713517366,0.426450209811441,0.490947038639396,1423.15,0.000702666619822225,0
"31","N","HL220-without","LEPR",1150,0.001,"Y","N",59.82,9.41,11.98,1.14,8.62,0,0,8.47,0.537960316682137,0.0997364680673894,0.208886657535587,0.0130791662134177,0.0830562577305296,0,0,0.0572811337709389,0.266814400102181,1.8506809229254,2.13653050866396,0.0922901893861378,0.193291276077381,0.0121026816994713,0.153710631711466,7.23294525229964,7.23294525229964,49.728463392017,0.257000862945362,0.449332543104337,0.600415133023315,1423.15,0.000702666619822225,0
"32","N","HL22REE-200","LEPR",1150,0.001,"Y","N",59.88,9.28,11.84,0,8.67,0,0,8.48,0.547149865575327,0.0999385423443328,0.209761731026198,0,0.084879900961259,0,0,0.0582699600928836,0.25461947909339,1.82142324569153,2.13771044980381,0.0910151920832475,0.191032446473806,0,0.154602224702832,6.9406015666547,6.9406015666547,46.564218419069,0.263327726276436,0.476438394436452,0.588705578190689,1423.15,0.000702666619822225,0
"33","N","HL22REE-2000","LEPR",1150,0.001,"Y","N",58.66,8.87,11.74,0,8.63,0,0,8.14,0.546975948590295,0.0974788328665065,0.212248348224155,0,0.086218056457925,0,0,0.0570788138611192,0.256313900323343,1.78488076201113,2.09679018001445,0.0869940467433627,0.189418996756966,0,0.153888950309739,7.21482984441888,7.21482984441888,48.0721569078203,0.253399455173286,0.459267804353226,0.56530404923983,1423.15,0.000702666619822225,0
"34","N","HL22REE-8000","LEPR",1150,0.001,"Y","N",54.32,8.26,11.14,0,8.59,0,0,7.5,0.540509357560979,0.0968688251321288,0.214920923171721,0,0.0915794184051712,0,0,0.0561214757300001,0.251902607281237,1.67259935238896,2.01490302054226,0.0810113670913388,0.179738298455929,0,0.153175675916647,7.60296248021042,7.60296248021042,48.1111140117427,0.243340242007012,0.45071844891868,0.528878796235393,1423.15,0.000702666619822225,0
"35","N","HL240-100","LEPR",1150,0.001,"Y","N",62.55,15.75,10.65,1.48,5.69,0,0,3.88,0.555190321682268,0.164761470782067,0.183279643395517,0.0167589831301675,0.0541113165423529,0,0,0.0258982644676277,0.134537103614303,1.87508434281052,1.35583515363518,0.154470827080943,0.171832394843415,0.0157122534344013,0.10146328241743,3.36993405064664,3.36993405064664,14.7076920115826,0.534486464469481,0.823648280553013,1.52243080847153,1423.15,0.000702666619822225,0
"36","N","HL240-2000","LEPR",1150,0.001,"Y","N",63.21,15.71,10.38,1.38,5.49,0,0,3.55,0.563552803398516,0.16507660882623,0.179430483931571,0.015696372126514,0.0524423844707778,0,0,0.0238013472463919,0.125945085530233,1.86675170169878,1.26694760348732,0.154078520218515,0.167476080607948,0.0146506146888337,0.0978969104519663,3.22491245973706,3.22491245973706,13.5382045802254,0.550234041185665,0.845996354172236,1.57388542199311,1423.15,0.000702666619822225,0
"37","N","HL240-20000","LEPR",1150,0.001,"Y","N",61.57,14.71,10.75,1.42,6.38,0,0,3.96,0.55281643776308,0.155662856808134,0.187141587624433,0.0162656534310556,0.0613753150917092,0,0,0.0267381492815877,0.158017531787773,1.85363228731751,1.37624402526639,0.14427084865782,0.173445844560254,0.0150752701870607,0.113767265698278,3.79019818401869,3.79019818401869,18.3628179737055,0.477262303119807,0.765276870186102,1.26812266931369,1423.15,0.000702666619822225,0
"38","N","HL240-250","LEPR",1150,0.001,"Y","N",62.7,15.5,10.55,1.48,5.76,0,0,3.94,0.557602695282358,0.162461160438153,0.181911365507291,0.0167915356032972,0.0548834076531943,0,0,0.0263498355157064,0.136623801975549,1.87144925938949,1.37118072330984,0.152018909190769,0.170218945126575,0.0157122534344013,0.102711512605342,3.40516467071839,3.40516467071839,15.0817574272831,0.526668103194106,0.817608396908785,1.4800571555682,1423.15,0.000702666619822225,0
"39","N","HL240-45000","LEPR",1150,0.001,"Y","N",59.86,13.26,9.41,1.13,7.63,0,0,4.16,0.562182946533644,0.146772607002288,0.171348627101391,0.0135391304944034,0.0767762249685774,0,0,0.0293804638996965,0.169829501767129,1.77212529709696,1.42551507427317,0.130049724894813,0.151825618354604,0.0119965178249145,0.136057090482423,4.10165640652614,4.10165640652614,20.5821367685005,0.433673670372039,0.79384708274285,0.955846728999497,1423.15,0.000702666619822225,0
"40","N","HL240-500","LEPR",1150,0.001,"Y","N",63.43,15.83,10.33,1.38,5.43,0,0,3.45,0.564884695691806,0.166152370382067,0.178367394946727,0.0156788988873434,0.0518115026902056,0,0,0.0231051374018512,0.122891528494891,1.86883209007237,1.23837423104327,0.155255440805798,0.166669355749528,0.0146506146888337,0.0968269988623273,3.171521756215,3.171521756215,13.0934952749437,0.558177718765508,0.856251191914771,1.60343130149626,1423.15,0.000702666619822225,0
"41","N","HL240-5000","LEPR",1150,0.001,"Y","N",63.01,15.55,9.67,1.42,5.95,0,0,3.83,0.566877940230998,0.164881147033487,0.168677285038335,0.0162982058021238,0.0573532858873916,0,0,0.0259121360076645,0.124686131009176,1.84993003157395,1.34286480319255,0.152509292768804,0.156020587618387,0.0150752701870607,0.106099565972532,3.2062707429509,3.2062707429509,13.3400541366312,0.550186906732474,0.891367533527442,1.43741674502502,1423.15,0.000702666619822225,0
"42","N","ND-002-18","LEPR",752,1.519999951,"Y","N",76.80999756,11.82999992,4.570000172,4.78000021,0.310000002,1.309999943,0.039999999,0.07,0.716167542391307,0.129999641322867,0.0826158071396027,0.056858601620777,0.00309684765341839,0.0102147506077327,0.000555992615015634,0.000490816649280148,0.0139841119060038,1.78500113689155,-2.65926003693278,0.116024753778405,0.0737346548347021,0.0507463342675754,0.00552787658213176,1.56461568377428,1.79599198787503,1.50202825470235,0.892437243934197,0.932068058063677,20.9890275324602,1025.15,0.000975467004828562,1.4817343325367
"43","N","ND-002-20","LEPR",752,1.519999951,"Y","N",76.76000214,11.53999996,4.360000134,4.840000153,0.280000001,1.49000001,0.039999999,0.039999999,0.719907154188506,0.127558043079375,0.0792826329754022,0.0579106263739595,0.00281358996056868,0.011686578769924,0.000559259862186576,0.000282114790078357,0.0135421180773796,1.7745729972932,-3.2188758498682,0.113180529418111,0.0703464098162281,0.0513833169097819,0.00499292076948042,1.55527083170703,1.82197769427648,1.47469517338415,0.893135770558601,0.929769025711018,22.6682005670779,1025.15,0.000975467004828562,1.4817343325367
"44","N","RHY","LEPR",1150,0.001,"Y","N",67.22,13.81,5.58,4.57,5.6,0,0,2.1,0.623998458813565,0.15109121612243,0.100431340298976,0.0541218439450852,0.055697319841725,0,0,0.0146598209782188,0.102961855651866,1.79287648520142,0.741937344729377,0.135443944253195,0.0900304941996483,0.048516890672442,0.0998584150329711,2.82080917321327,2.82080917321327,10.9207792199499,0.56812352848434,0.977600150145306,1.35635984417011,1423.15,0.000702666619822225,0
"45","N","SH2K","LEPR",1150,0.001,"Y","N",58.95,7.05,0.59,14.42,9.93,0,0,6.6,0.575672200141723,0.081141137984907,0.0111710375164745,0.179650356794255,0.103896748891377,0,0,0.0484685186712628,0.270533944022562,1.70429171244208,1.88706964903238,0.0691440845028982,0.00951935332935349,0.153088307110856,0.177070368085251,8.533696006721,8.533696006721,57.9169138830465,0.203557718475499,0.425220339040067,0.390489302363729,1423.15,0.000702666619822225,0
"46","N","SH2Na","LEPR",1150,0.001,"Y","N",61.26,7.59,11.11,0.49,10.39,0,0,7.38,0.561743005727345,0.0820281631379383,0.197526237314237,0.00573228978222165,0.102079254645855,0,0,0.0508910493924024,0.295289089854301,1.81499193199036,1.99877363861238,0.0744402271456733,0.179254263540877,0.00520202985328152,0.185273023605816,8.84175598646802,8.84175598646802,64.083576403772,0.20133709641878,0.403565667377933,0.401786648141778,1423.15,0.000702666619822225,0
"47","N","SpDis_1","Dissolution",1300,6,"Y","?",67.91,11.09,2.26,3.97,2.28,1.21,0.13,11.03,0.663375351236232,0.127678471708134,0.0428039738432344,0.0494751913555662,0.0238628168836373,0.00988486126827229,0.00189313293934858,0.0810262007655752,0.0105005845977864,1.70376534356928,2.40061883326541,0.108767077608105,0.0364639636005744,0.042147058199036,0.0406566404062811,1.65297359510998,1.93108853934518,1.23975672273672,0.911957823239133,1.38361103975173,2.67525984737542,1573.15,0.000635667291739503,3.81336808314528
"48","Y","SpDis_10","Dissolution",1100,8,"Y","?",76,12.89,2.33,4.22,2.07,0.02,0.07,2.4,0.722179325174789,0.144359345882381,0.0429276812516382,0.0511582035448806,0.0210747807799798,0.000158935554904784,0.000991611736725738,0.0171501160747011,-0.00711440310949372,1.75147491344772,0.8754687373539,0.126420886417356,0.0375933784023621,0.0448011550629552,0.0369119498425447,1.30677302905387,1.32884517267821,-0.682414918432956,1.05963132021196,1.53433584851319,3.42493113901133,1373.15,0.00072825255798711,5.82529221133889
"49","Y","SpDis_11","Dissolution",1100,8,"Y","?",75.39,12.66,2.31,4.43,2.45,0.01,0.07,2.65,0.716826725242389,0.141871343133036,0.0425855711150688,0.0537372635603391,0.02495903506428,7.9517012198801e-05,0.00099222609582774,0.01894831877686,0.00382421950617043,1.75039044836508,0.974559639998131,0.124165121958396,0.0372706884589942,0.0470305964286473,0.0436880565769249,1.43800367667174,1.45908082375116,0.376039912885144,0.97012079707255,1.47287342208231,2.8420838940219,1373.15,0.00072825255798711,5.82529221133889
"50","Y","SpDis_12","Dissolution",1200,8,"Y","?",73.85,12.05,3.71,4.42,1.92,0.99,0.08,3.74,0.692121574159655,0.13310043151345,0.0674148926923836,0.0528476320135793,0.0192794383305122,0.00775937408204782,0.00111772260381014,0.0263589346045623,0.0228381456109139,1.77583860491737,1.31908561142644,0.118182442306372,0.0598589844947482,0.0469244325540905,0.0342371708684472,1.72403934726266,1.91676480924885,2.47912821023085,0.838050982851459,1.10674902126722,3.45187523701873,1473.15,0.000678817499915148,5.42986118182127
"51","Y","SpDis_13","Dissolution",1200,8,"Y","?",74.81,12.41,3.54,4.65,1.77,0.02,0.08,3.25,0.701068079003409,0.137066981677934,0.0643211575129806,0.0555936088566618,0.0177719493320944,0.000156743717321097,0.0011176419261558,0.0229038379734427,0.0163315094711447,1.77596679489465,1.17865499634165,0.121713204068222,0.0571161199761209,0.0493662016688961,0.0315623918943498,1.61778904905413,1.64431297601363,1.69954741160243,0.881694060913913,1.14303672372942,3.8562731391093,1473.15,0.000678817499915148,5.42986118182127
"52","Y","SpDis_15","Dissolution",1200,8,"Y","?",69.92,11.69,4.96,3.89,4.18,0.01,0.07,5.25,0.654580314417371,0.128984213916636,0.0900312433680552,0.0464603522090066,0.0419275093063656,7.82926744717345e-05,0.000976948612314342,0.0369611254957792,0.0812103466914849,1.77776298452495,1.65822807660353,0.114651680544522,0.0800271059552429,0.0412977472025819,0.074537174078182,2.6097979159331,2.63479459238476,9.61859996473953,0.585369620454151,0.944997480403936,1.53818120907379,1473.15,0.000678817499915148,5.42986118182127
"53","Y","SpDis_16","Dissolution",1000,8,"Y","?",76.37,13.08,2.27,4.26,2.41,0.02,0.08,1.4,0.724622352193958,0.146270656010574,0.0417604186437121,0.0515667677941896,0.024500065188236,0.000158700589348235,0.00113159516306399,0.00998944441691782,-0.00345844269661486,1.75406807507056,0.336472236621213,0.128284344013888,0.0366253085722583,0.0452258105611822,0.0429747821838322,1.34282471642938,1.36717198955479,-0.326295923882696,1.02770613037934,1.56728882111859,2.98510748617942,1273.15,0.000785453402976868,6.28284177041197
"54","Y","SpDis_17","Dissolution",1000,8,"Y","?",76.2,13.27,4.56,3.96,0.98,0.01,0.07,0.9,0.708358528704718,0.145388350090838,0.0821888775367352,0.0469639608702385,0.00976080177428945,7.77423678196434e-05,0.000970081797203794,0.00629165685815745,0.00294162243271416,1.7903470467765,-0.105360515657826,0.13014780161042,0.0735733070878846,0.0420408943244793,0.0174752226307699,1.44362229890976,1.46397095211562,0.28563024572232,0.977897399031791,1.12570774195999,7.44756186288915,1273.15,0.000785453402976868,6.28284177041197
"55","Y","SpDis_18","Dissolution",925,8,"Y","?",77.67,13.59,2.51,4.69,0.72,0.02,0.07,0.55,0.733822779573814,0.151327504414029,0.045979225998695,0.0565304057225117,0.00728839064326596,0.000158025614458982,0.000985934544946218,0.00390773348827905,-0.0301588723743778,1.76156022695218,-0.59783700075562,0.133286256509842,0.0404975878926733,0.0497908571671232,0.0128389390756677,1.05438068655879,1.07498375171871,-2.71585162984144,1.29244291055383,1.47622717858934,10.3814073518306,1198.15,0.000834620039227142,6.67612569377791
"56","N","SpDis_2","Dissolution",1300,8,"Y","?",71.08,10.85,1.91,3.45,4.82,0.09,0.1,7.67,0.689235083672247,0.123996727738662,0.0359090052752323,0.0426786258378191,0.0500758415463198,0.000729830610041918,0.00144554666601925,0.0559293386536596,0.0469797542478462,1.71638781723043,2.03731661537916,0.106413236433538,0.0308168895916359,0.0366265367220842,0.0859495643676644,2.09142592429099,2.1423340353631,5.49709370808569,0.693729458959251,1.57781480345536,1.23808930523879,1573.15,0.000635667291739503,5.08470266662429
"57","Y","SpDis_21","Dissolution",1000,8,"Y","?",76.33,12.83,3.33,4.8,1.14,0.02,0.07,1.48,0.716802112615973,0.142000933686084,0.0606314980251307,0.0575064591225979,0.0114701771953344,0.000157070135345275,0.000979973233747377,0.0104517759857875,-0.00081757056256801,1.77227603871798,0.392042087776024,0.125832426123714,0.0537278755707578,0.0509586597872476,0.0203283202031405,1.38602089219208,1.40836260932359,-0.0803220472518965,1.00653978728287,1.20199245961665,6.19000610312474,1273.15,0.000785453402976868,6.28284177041197
"58","Y","SpDis_3","Dissolution",1300,8,"Y","?",62.32,9.31,2.63,3.11,9.39,0.03,0.1,13.52,0.606452662949064,0.106777481465016,0.0496221139791333,0.0386101267628653,0.097903071365355,0.000244146400336617,0.00145071339912803,0.0989396836791025,0.151582434088466,1.71027488150645,2.60417007061482,0.0913094222300684,0.0424337275528808,0.0330169649871542,0.1674411637785,4.38632141219608,4.43866785733614,23.4084305165371,0.375926239825525,1.21018666835455,0.545322429500415,1573.15,0.000635667291739503,5.08470266662429
"59","N","SpDis_4","Dissolution",1300,8,"Y","?",74.44,12.56,2.79,4.42,2.83,0.02,0.06,2.83,0.705205638775464,0.140236020916391,0.0512464358317054,0.0534198982955662,0.0287248062995038,0.00015845247072754,0.000847369487664803,0.0201613779229775,0.0192194881628933,1.75681474698671,1.04027671165515,0.123184354802326,0.0450152470998241,0.0469244325540905,0.050464163311305,1.63926958139836,1.6596107430668,1.94341907453881,0.865035326556549,1.33983885158209,2.44102639812777,1573.15,0.000635667291739503,5.08470266662429
"60","Y","SpDis_7","Dissolution",1100,8,"Y","?",76.1,12.79,3.44,4.55,1.05,0.74,0.07,1.31,0.714675417820254,0.14156479398935,0.0626372497681365,0.0545138631823435,0.0105651276348239,0.00581186496571543,0.000980018755081076,0.00925166388429569,-0.00290943325999428,1.77219371746796,0.27002713721306,0.125440119261286,0.0555026702592814,0.0483045629233284,0.0187234528186821,1.36678298130149,1.50104591491357,-0.287570474329012,1.02374452763583,1.20839478536743,6.69962535628702,1373.15,0.00072825255798711,5.82529221133889
"61","Y","SpG_10","Growth",1000,5,"Y","N",72.8,13.09,2.65,5.29,2.76,0.02,0.33,3.03,0.687707890748109,0.145737999575292,0.048536510836158,0.0637528605277279,0.0279346331058346,0.000158001871766385,0.00464727880118945,0.0215248245339225,0.0197506195306761,1.76182493383503,1.10856261952128,0.128382420729495,0.0427564174962487,0.0561606896405291,0.0492159331233929,1.67780841612695,1.77369811256095,1.97062465241494,0.866669721380271,1.29787884467723,2.60855403081798,1273.15,0.000785453402976868,3.92648156148136
"62","Y","SpG_11","Growth",800,5,"Y","N",74.56,13.65,2.69,6.98,1.15,0.04,0.34,0.54,0.697170099754671,0.150427083064449,0.0487680268236185,0.0832644565432479,0.0115210471850374,0.000312789706692436,0.00473940617537324,0.00379709074691047,0.00413610382153711,1.77992837561207,-0.616186139423817,0.133874716803484,0.0434017973829846,0.0741023844406225,0.0205066388014137,1.47868552073438,1.57503411645839,0.394390681078354,0.970030583089025,1.13931874360396,6.52835982044286,1073.15,0.000931836183198994,4.65824907981177
"63","Y","SpG_12","Growth",800,5,"Y","N",71.82,14.7,3.71,5.03,2.55,0.03,0.67,1.29,0.668207046947904,0.161192011451453,0.066925189716247,0.0597042175934746,0.0254195051972982,0.000233424540942469,0.00929292886856625,0.00902567568411376,0.0145578840142447,1.78883271750268,0.254642218373581,0.144172771942213,0.0598589844947482,0.0534004289020532,0.0454712425596565,1.64765587425282,1.82454540038289,1.35158601305194,0.908285618007916,1.27294295121508,3.17063629288477,1073.15,0.000931836183198994,4.65824907981177
"64","Y","SpG_15","Growth",800,5,"Y","N",73.44,15.44,3.1,4.46,2.15,0.51,0.25,0.32,0.688406319156135,0.170576816707372,0.0563409187335173,0.0533357509852474,0.0215929461381686,0.00399799239972286,0.00349352896452419,0.00225572691531217,-0.015725920994053,1.77551031635101,-1.13943428318836,0.151430448897127,0.0500169412220268,0.0473490880523176,0.03833849862873,1.30177606010419,1.42937150320619,-1.33921787035102,1.11588353931186,1.55526984129596,3.94982730971236,1073.15,0.000931836183198994,4.65824907981177
"65","Y","SpG_16","Growth",800,5,"Y","N",70.45,17.35,4.13,3.64,2.64,0.72,0.38,0.33,0.653554562242072,0.189697174267917,0.0742849705654634,0.0430797934726125,0.0262401335809811,0.00558589744159233,0.00525528906756029,0.00230217936180091,-0.0178078679898022,1.79404993495292,-1.10866262452161,0.170163101578054,0.0666354733054744,0.0386436503386628,0.047076109944115,1.36996708795558,1.54485673420534,-1.43637955613513,1.11688386129176,1.61630431265022,3.61463812069558,1073.15,0.000931836183198994,4.65824907981177
"66","Y","SpG_17","Growth",900,5,"Y","N",68.66,15.8,2.93,5.55,3.68,0.05,1.01,2.04,0.641277814174685,0.17392420720671,0.0530591254230862,0.0661312565832142,0.0368257411603139,0.000390545851081361,0.0140629343543053,0.0143283752466042,0.016855060587951,1.78193953731587,0.712949807856125,0.154961210658977,0.0472740767033995,0.058920950379005,0.0656212441645239,1.72900032070277,1.98817715450498,1.51120739595351,0.901900672936107,1.45921343886218,2.3614488361492,1173.15,0.000852405915697055,4.26117717256958
"67","Y","SpG_18","Growth",900,5,"Y","Y",65.53,16.95,3.67,4.37,5.24,0.05,1.43,2.36,0.608108326821537,0.185383473054531,0.0660323718617366,0.0517360889930196,0.0520994730530942,0.000388034548599472,0.0197828555250895,0.0164693761423934,0.0328061303306799,1.79347198770925,0.858661619037519,0.166240032953776,0.0592136046080124,0.0463936131813067,0.0934389454951373,1.96896159042172,2.32681329796273,2.91006735790012,0.835183307282358,1.57413514373058,1.77913001985267,1173.15,0.000852405915697055,4.26117717256958
"68","Y","SpG_19","Growth",1000,5,"Y","Y",67.47,15.2,2.82,5.44,4.6,0.03,0.96,3.19,0.633069491144158,0.16809112802167,0.0513026540843348,0.0651194838807919,0.046244465858488,0.000235408173184723,0.0134283937427369,0.0225089750946353,0.0362023772568508,1.77375938250997,1.16002091679675,0.149076607722561,0.045499282014876,0.0577531477588806,0.0820265552056548,1.9632033054563,2.22000942996905,3.40205173446174,0.804606133497149,1.4438072600249,1.8174188511123,1273.15,0.000785453402976868,3.92648156148136
"69","Y","SpG_20","Growth",1000,5,"Y","Y",64.22,16.45,3.55,4.26,6.05,0.03,1.39,3.64,0.598831514104427,0.180784327414758,0.0641819266725387,0.0506775161887671,0.0604436917864131,0.000233945776414407,0.019322410575939,0.0255246674807429,0.0490498302908215,1.78484716546573,1.29198368164865,0.161336197173429,0.0572774649478049,0.0452258105611822,0.107882751955263,2.17761164244649,2.53889879036587,4.53077070503685,0.766857947355101,1.57396138193929,1.49547721252357,1273.15,0.000785453402976868,3.92648156148136
"70","Y","SpG_23","Growth",900,5,"Y","N",72.47,14.8,2.47,5.01,2.72,0.02,0.69,1.67,0.681691076082865,0.164078467919877,0.0450480868290166,0.0601226963045853,0.0274131860096082,0.000157332683858246,0.00967588276579188,0.0118132714043976,-0.00361057120910525,1.76931855762042,0.512823626428664,0.145153539098283,0.0398522080059375,0.0531881011529397,0.0485026587303003,1.43045124414007,1.60627856132474,-0.322802369403877,1.02550865834559,1.56011453971435,2.9926924193045,1173.15,0.000852405915697055,4.26117717256958
"71","Y","SpG_28","Growth",900,5,"Y","Y",63.62,16.09,3.37,4.23,6.58,0.02,1.34,4.35,0.595416890774171,0.177477809237402,0.0611515454745453,0.0505055644184111,0.0659803539342724,0.000156537029943753,0.0186958167983175,0.0306154823329364,0.0588087766471677,1.77831173474191,1.47017584510059,0.157805435411579,0.0543732554574937,0.0449073189375119,0.117333637663741,2.30538699480404,2.66219153181591,5.56515078036878,0.728509149569473,1.58948954891943,1.34492919979029,1173.15,0.000852405915697055,4.26117717256958
"72","Y","SpG_29","Growth",1000,5,"Y","N",66.21,15.81,3.14,5.29,3.61,3.19,0.82,1.66,0.620602269889084,0.174655461684925,0.0570649538837697,0.0632581984851694,0.0362541924011773,0.0250057602491457,0.0114581837825018,0.011700979624227,0.0161367373513191,1.77560192940669,0.506817602368452,0.155059287374584,0.0506623211087626,0.0561606896405291,0.0643730139766117,1.77902697184074,2.45184575328693,1.48874460094177,0.905741167897122,1.45155324013944,2.40876227157736,1273.15,0.000785453402976868,3.92648156148136
"73","Y","SpG_30","Growth",1000,5,"Y","N",65.52,16.62,3.66,4.81,3.78,3.31,0.51,1.32,0.612841266511482,0.183216955172702,0.0663751092324794,0.0573971812317308,0.0378815005668704,0.0258917684511389,0.00711142195769673,0.00928479687590012,0.0145180121066411,1.77934952783271,0.27763173659828,0.163003501338747,0.0590522596363284,0.0510648236618044,0.0674044301472555,1.77707622717997,2.36493399035512,1.29298501402986,0.918218294645695,1.48027441752547,2.41829062248046,1273.15,0.000785453402976868,3.92648156148136
"74","Y","SpG_32","Growth",900,5,"Y","Y",69.56,16,2.9,5.95,2.75,0.69,0.88,1.02,0.648679151862913,0.175853444280163,0.0524346550782564,0.0707878477808337,0.027476684196139,0.00538119915900983,0.0122339076722856,0.00715310997039954,0.00207241670362664,1.78469913527668,0.0198026272961797,0.156922744971116,0.0467900417883477,0.0631675053612757,0.0490376145251197,1.56195339723825,1.87079404737365,0.18167545852245,0.986965536046523,1.42712118484769,3.2000485033939,1173.15,0.000852405915697055,4.26117717256958
"75","Y","SpG_33","Growth",1000,10,"Y","Y",68.29,15.62,2.98,5.53,4.06,0.04,1,2.21,0.637816118839648,0.171941193367904,0.0539640694567324,0.0658923330393138,0.0406280214293921,0.000312433775654545,0.0139235679101951,0.01552226218116,0.0259909453125625,1.78195610693778,0.792992515529661,0.153195829778052,0.0480808015618193,0.0587086226298915,0.072397350898904,1.83384877507872,2.09347143749081,2.36999073530662,0.854950538066111,1.43455993828595,2.1160419252353,1273.15,0.000785453402976868,7.85374857636571
"76","Y","SpG_34","Growth",1000,10,"Y","N",65.51,16.78,3.57,4.44,5.34,0.06,1.41,2.49,0.608721995926466,0.183765458072896,0.0643175751327061,0.0526339230865209,0.0531635427647332,0.000466253660136722,0.0195318179588259,0.017399433397715,0.0353863178837874,1.79111711759427,0.912282710476616,0.164572728788458,0.0576001548911728,0.047136760303204,0.0952221314778689,1.99601679937908,2.35356552829401,3.16338825597828,0.823032173474055,1.57129631403631,1.72830334959166,1273.15,0.000785453402976868,7.85374857636571
"77","Y","SpG_7","Growth",900,5,"Y","N",73.94,13.49,2.5,6.99,1.28,0.62,0.29,0.8,0.694091388795682,0.149248401763681,0.0455016629960985,0.0837116229065035,0.0128738499009228,0.00486730439915658,0.0040583300857584,0.00564743915219791,0.00506408246136097,1.77295686640939,-0.22314355131421,0.132305489353773,0.0403362429209894,0.0742085483151793,0.0228247805789648,1.49587748230045,1.66820028446297,0.488848653615984,0.963135340713036,1.15505461161464,5.79657223411402,1173.15,0.000852405915697055,4.26117717256958
"78","Y","SpG_8","Growth",900,5,"Y","N",71.32,14.36,2.73,6,2.34,1.29,0.62,1.13,0.669343255097429,0.158837310991933,0.0496764159294411,0.0718389842355006,0.0235296071250826,0.0101248098403812,0.00867443917262305,0.00797517760761006,0.00863389038812298,1.77336373591379,0.122217632724249,0.140838163611577,0.0440471772697204,0.0636983247340595,0.0417265519959201,1.58558948626506,1.93923575368345,0.812091777428736,0.942237427284298,1.30713729104567,3.37526483437567,1173.15,0.000852405915697055,4.26117717256958
